architecture,source_dataset,target_dataset,matched_five_label_source_diagonal_auroc,matched_five_label_external_auroc,matched_five_label_gap,binary_source_diagonal_auroc,binary_external_auroc,binary_gap,absolute_gap_reduction,gap_direction
ecg_fm,code_ii,cpsc2018,0.9889397808887916,0.9440545840413048,0.04488519684748682,0.9898917878704018,0.9454234825656478,0.044468305304753986,0.00041689154273283346,reduced
ecg_fm,code_ii,georgia,0.9889397808887916,0.9610896784647306,0.027850102424061052,0.9898917878704018,0.9734962406015036,0.016395547268898136,0.011454555155162915,reduced
ecg_fm,code_ii,mimic_iv,0.9889397808887916,0.6909366298596453,0.2980031510291463,0.9898917878704018,0.7183675469654348,0.27152424090496696,0.026478910124179356,reduced
ecg_fm,code_ii,ptbxl,0.9889397808887916,0.9832078575571404,0.00573192333165129,0.9898917878704018,0.986700312814588,0.0031914750558137417,0.002540448275837548,reduced
ecg_fm,cpsc2018,code_ii,0.9862587199131102,0.9785230467795069,0.007735673133603349,0.9748304993542832,0.9606914250279308,0.014139074326352419,-0.00640340119274907,increased
ecg_fm,cpsc2018,georgia,0.9862587199131102,0.9624784860027908,0.02378023391031936,0.9748304993542832,0.9106766917293234,0.06415380762495981,-0.040373573714640454,increased
ecg_fm,cpsc2018,mimic_iv,0.9862587199131102,0.7664403261598659,0.2198183937532443,0.9748304993542832,0.6568027128399134,0.3180277865143698,-0.0982093927611255,increased
ecg_fm,cpsc2018,ptbxl,0.9862587199131102,0.9631275088761048,0.02313121103700544,0.9748304993542832,0.9138374850517867,0.060993014302496484,-0.037861803265491045,increased
ecg_fm,georgia,code_ii,0.9748367407365066,0.9679084365150096,0.006928304221497039,0.9806641604010026,0.969614505499011,0.011049654901991612,-0.004121350680494573,increased
ecg_fm,georgia,cpsc2018,0.9748367407365066,0.9476504471123418,0.027186293624164803,0.9806641604010026,0.933544984933276,0.04711917546772659,-0.01993288184356179,increased
ecg_fm,georgia,mimic_iv,0.9748367407365066,0.7569411673002436,0.21789557343626298,0.9806641604010026,0.7092872934652569,0.2713768669357457,-0.05348129349948272,increased
ecg_fm,georgia,ptbxl,0.9748367407365066,0.9830396103832668,-0.008202869646760202,0.9806641604010026,0.975815986649641,0.004848173751361595,-0.013051043398121798,increased
ecg_fm,mimic_iv,code_ii,0.9855014859860416,0.9304451127627592,0.055056373223282384,0.9545016288356454,0.9599809866445272,-0.005479357808881868,0.06053573103216425,reduced
ecg_fm,mimic_iv,cpsc2018,0.9855014859860416,0.9238623844827628,0.06163910150327878,0.9545016288356454,0.9586606758501938,-0.004159047014548389,0.06579814851782717,reduced
ecg_fm,mimic_iv,georgia,0.9855014859860416,0.9292196364564868,0.05628184952955484,0.9545016288356454,0.943032581453634,0.011469047382011377,0.04481280214754346,reduced
ecg_fm,mimic_iv,ptbxl,0.9855014859860416,0.9533091208337192,0.03219236515232238,0.9545016288356454,0.9467117308848666,0.007789897950778779,0.0244024672015436,reduced
ecg_fm,ptbxl,code_ii,0.9911179160490512,0.965418606841544,0.02569930920750718,0.9925613636824292,0.9855586902821768,0.007002673400252402,0.01869663580725478,reduced
ecg_fm,ptbxl,cpsc2018,0.9911179160490512,0.9306406097322756,0.060477306316775614,0.9925613636824292,0.9341368919500644,0.05842447173236476,0.0020528345844108564,reduced
ecg_fm,ptbxl,georgia,0.9911179160490512,0.9545315378807168,0.03658637816833443,0.9925613636824292,0.97796992481203,0.014591438870399154,0.02199493929793528,reduced
ecg_fm,ptbxl,mimic_iv,0.9911179160490512,0.7355914319254975,0.2555264841235537,0.9925613636824292,0.7576926108254923,0.23486875285693687,0.020657731266616852,reduced
inception_time,code_ii,cpsc2018,0.988035139436468,0.9468065796334156,0.0412285598030524,0.988248618841159,0.9611762806715454,0.02707233816961363,0.01415622163343877,reduced
inception_time,code_ii,georgia,0.988035139436468,0.9599633292223212,0.028071810214146842,0.988248618841159,0.979298245614035,0.008950373227123998,0.019121436987022844,reduced
inception_time,code_ii,mimic_iv,0.988035139436468,0.9060582379560812,0.08197690148038683,0.988248618841159,0.8934110970996217,0.09483752174153726,-0.012860620261150424,increased
inception_time,code_ii,ptbxl,0.988035139436468,0.9830306171641012,0.005004522272366807,0.988248618841159,0.9825773084432914,0.005671310397867613,-0.0006667881255008057,increased
inception_time,cpsc2018,code_ii,0.9862103034106612,0.942966258487959,0.043244044922702174,0.982390766250538,0.940800431516046,0.04159033473449203,0.0016537101882101446,reduced
inception_time,cpsc2018,georgia,0.9862103034106612,0.9379086995318,0.04830160387886118,0.982390766250538,0.9361654135338346,0.04622535271670336,0.002076251162157816,reduced
inception_time,cpsc2018,mimic_iv,0.9862103034106612,0.9112163056615564,0.07499399774910476,0.982390766250538,0.8514947497332428,0.1308960165172952,-0.05590201876819045,increased
inception_time,cpsc2018,ptbxl,0.9862103034106612,0.950802650485261,0.03540765292540016,0.982390766250538,0.9566772064238468,0.025713559826691212,0.009694093098708945,reduced
inception_time,georgia,code_ii,0.9625098678018846,0.96987393825069,-0.007364070448805382,0.9749749373433584,0.9711763168414256,0.0037986205019328034,-0.011162690950738186,increased
inception_time,georgia,cpsc2018,0.9625098678018846,0.9602210027710107,0.002288865030873888,0.9749749373433584,0.980157662505381,-0.005182725162022672,0.00747159019289656,reduced
inception_time,georgia,mimic_iv,0.9625098678018846,0.92520015201433,0.0373097157875546,0.9749749373433584,0.9130881794225112,0.06188675792084719,-0.024577042133292593,increased
inception_time,georgia,ptbxl,0.9625098678018846,0.9854517698281298,-0.02294190202624513,0.9749749373433584,0.9814557701792436,-0.006480832835885186,-0.016461069190359945,increased
inception_time,mimic_iv,code_ii,0.9760808936325752,0.927970124853554,0.04811076877902121,0.9374291678791996,0.979759873107633,-0.04233070522843341,0.09044147400745461,reduced
inception_time,mimic_iv,cpsc2018,0.9760808936325752,0.9141821629443428,0.06189873068823237,0.9374291678791996,0.9737677572105036,-0.03633858933130396,0.09823732001953633,reduced
inception_time,mimic_iv,georgia,0.9760808936325752,0.9423257490995296,0.03375514453304562,0.9374291678791996,0.9668170426065162,-0.029387874727316632,0.06314301926036225,reduced
inception_time,mimic_iv,ptbxl,0.9760808936325752,0.951970406215298,0.02411048741727717,0.9374291678791996,0.979932234766335,-0.04250306688713534,0.06661355430441251,reduced
inception_time,ptbxl,code_ii,0.9881604539350268,0.9758261167622656,0.012334337172761223,0.9906848139665294,0.9826695314822216,0.008015282484307829,0.004319054688453394,reduced
inception_time,ptbxl,cpsc2018,0.9881604539350268,0.933433431595747,0.05472702233927984,0.9906848139665294,0.965050581145071,0.02563423282145838,0.02909278951782146,reduced
inception_time,ptbxl,georgia,0.9881604539350268,0.941866768882434,0.04629368505259279,0.9906848139665294,0.972468671679198,0.01821614228733137,0.02807754276526142,reduced
inception_time,ptbxl,mimic_iv,0.9881604539350268,0.8969870486156137,0.09117340531941309,0.9906848139665294,0.8965305396579041,0.09415427430862533,-0.0029808689892122375,increased
resnet1d,code_ii,cpsc2018,0.985678158610731,0.9463091178032478,0.03936904080748327,0.987624663038242,0.960517111493758,0.027107551544484076,0.012261489262999192,reduced
resnet1d,code_ii,georgia,0.985678158610731,0.9578263313929298,0.027851827217801217,0.987624663038242,0.97734335839599,0.010281304642252076,0.01757052257554914,reduced
resnet1d,code_ii,mimic_iv,0.985678158610731,0.9019715162242342,0.08370664238649683,0.987624663038242,0.9052276328127526,0.08239703022548939,0.0013096121610074452,reduced
resnet1d,code_ii,ptbxl,0.985678158610731,0.9817321919815558,0.003945966629175235,0.987624663038242,0.98537777597611,0.0022468870621320525,0.0016990795670431824,reduced
resnet1d,cpsc2018,code_ii,0.989254301303802,0.9783594593767274,0.010894841927074572,0.9801173052087816,0.9714620296628844,0.008655275545897179,0.0022395663811773936,reduced
resnet1d,cpsc2018,georgia,0.989254301303802,0.9596478373575944,0.029606463946207584,0.9801173052087816,0.9477318295739348,0.03238547563484684,-0.0027790116886392546,increased
resnet1d,cpsc2018,mimic_iv,0.989254301303802,0.9368652865281528,0.05238901477564917,0.9801173052087816,0.8627104754745044,0.11740682973427718,-0.06501781495862802,increased
resnet1d,cpsc2018,ptbxl,0.989254301303802,0.9728740540411746,0.016380247262627434,0.9801173052087816,0.9541503672024376,0.025966938006343976,-0.009586690743716542,increased
resnet1d,georgia,code_ii,0.9676037493731802,0.9760540286287184,-0.008450279255538207,0.9758897243107768,0.97898985783545,-0.0031001335246731987,-0.005350145730865008,increased
resnet1d,georgia,cpsc2018,0.9676037493731802,0.956291636458654,0.011312112914526162,0.9758897243107768,0.9690863108049936,0.0068034135057831735,0.004508699408742989,reduced
resnet1d,georgia,mimic_iv,0.9676037493731802,0.8977378857176725,0.06986586365550762,0.9758897243107768,0.8956200286157726,0.0802696956950042,-0.010403832039496574,increased
resnet1d,georgia,ptbxl,0.9676037493731802,0.9787012584111568,-0.011097509037976683,0.9758897243107768,0.982293545749978,-0.006403821439201152,-0.004693687598775531,increased
resnet1d,mimic_iv,code_ii,0.972427381247645,0.9381018222377324,0.03432555900991263,0.9344762464836552,0.9892319578118756,-0.054755711328220324,0.08908127033813296,reduced
resnet1d,mimic_iv,cpsc2018,0.972427381247645,0.9342228562039374,0.03820452504370764,0.9344762464836552,0.972610848041326,-0.03813460155767079,0.07633912660137843,reduced
resnet1d,mimic_iv,georgia,0.972427381247645,0.9396499448662198,0.03277743638142527,0.9344762464836552,0.9718421052631578,-0.0373658587795026,0.07014329516092788,reduced
resnet1d,mimic_iv,ptbxl,0.972427381247645,0.9610341343451216,0.011393246902523413,0.9344762464836552,0.982143219085068,-0.04766697260141273,0.05906021950393614,reduced
resnet1d,ptbxl,code_ii,0.988594346189015,0.9794604520736362,0.009133894115378793,0.9906831249028788,0.9800808195729938,0.010602305329885042,-0.001468411214506249,increased
resnet1d,ptbxl,cpsc2018,0.988594346189015,0.9254701305954802,0.06312421559353476,0.9906831249028788,0.9614184244511408,0.029264700451738013,0.03385951514179675,reduced
resnet1d,ptbxl,georgia,0.988594346189015,0.9502243232512017,0.03837002293781333,0.9906831249028788,0.9718421052631576,0.01884101963972118,0.01952900329809215,reduced
resnet1d,ptbxl,mimic_iv,0.988594346189015,0.8859306269575719,0.10266371923144313,0.9906831249028788,0.8864079121802955,0.10427521272258333,-0.0016114934911402035,increased
transformer,code_ii,cpsc2018,0.9562028493786608,0.9206789602915462,0.03552388908711468,0.9641308692844625,0.9400694145501508,0.02406145473431165,0.01146243435280303,reduced
transformer,code_ii,georgia,0.9562028493786608,0.9168565901369136,0.03934625924174728,0.9641308692844625,0.9539724310776942,0.010158438206768206,0.029187821034979078,reduced
transformer,code_ii,mimic_iv,0.9562028493786608,0.8793264546912318,0.07687639468742902,0.9641308692844625,0.8462179083001908,0.11791296098427162,-0.0410365662968426,increased
transformer,code_ii,ptbxl,0.9562028493786608,0.9546175707500096,0.00158527862865121,0.9641308692844625,0.958607806176568,0.00552306310789441,-0.0039377844792432,increased
transformer,cpsc2018,code_ii,0.97061022013857,0.8855902613227462,0.0850199588158238,0.9531855359448989,0.8604670828080317,0.09271845313686711,-0.007698494321043303,increased
transformer,cpsc2018,georgia,0.97061022013857,0.89346623704311,0.07714398309546,0.9531855359448989,0.8708020050125314,0.0823835309323675,-0.005239547836907499,increased
transformer,cpsc2018,mimic_iv,0.97061022013857,0.8714128620713602,0.09919735806720986,0.9531855359448989,0.7952028163093737,0.15798271963552513,-0.058785361568315264,increased
transformer,cpsc2018,ptbxl,0.97061022013857,0.9158451747387312,0.05476504539983884,0.9531855359448989,0.8947527548628142,0.058432781082084606,-0.003667735682245765,increased
transformer,georgia,code_ii,0.918349519832927,0.8963460760153807,0.022003443817546264,0.9549248120300752,0.8981459415967119,0.05677887043336327,-0.03477542661581701,increased
transformer,georgia,cpsc2018,0.918349519832927,0.8877926891115301,0.03055683072139692,0.9549248120300752,0.9279353207059836,0.026989491324091563,0.003567339397305358,reduced
transformer,georgia,mimic_iv,0.918349519832927,0.8472509066693137,0.07109861316361332,0.9549248120300752,0.8125380937368643,0.14238671829321092,-0.0712881051295976,increased
transformer,georgia,ptbxl,0.918349519832927,0.9380453491132268,-0.01969582928029978,0.9549248120300752,0.9344626412901744,0.020462170739900754,-0.040158000020200535,increased
transformer,mimic_iv,code_ii,0.952584855251738,0.9043488477509084,0.04823600750082957,0.8860545599314515,0.944595415270133,-0.058540855338681475,0.10677686283951104,reduced
transformer,mimic_iv,cpsc2018,0.952584855251738,0.9363523733325468,0.016232481919191133,0.8860545599314515,0.9620103314679294,-0.07595577153647781,0.09218825345566894,reduced
transformer,mimic_iv,georgia,0.952584855251738,0.9205632447328456,0.03202161051889241,0.8860545599314515,0.9407894736842104,-0.05473491375275885,0.08675652427165126,reduced
transformer,mimic_iv,ptbxl,0.952584855251738,0.9130251819283756,0.03955967332336241,0.8860545599314515,0.9599911493064706,-0.07393658937501901,0.11349626269838142,reduced
transformer,ptbxl,code_ii,0.9677102364495732,0.928879383167022,0.0388308532825512,0.9773817486538164,0.935011223517112,0.04237052513670447,-0.00353967185415327,increased
transformer,ptbxl,cpsc2018,0.9677102364495732,0.8726966599683748,0.09501357648119846,0.9773817486538164,0.9370560697374084,0.040325678916408036,0.05468789756479042,reduced
transformer,ptbxl,georgia,0.9677102364495732,0.9061889526011008,0.06152128384847244,0.9773817486538164,0.9439598997493732,0.03342184890444322,0.028099434944029222,reduced
transformer,ptbxl,mimic_iv,0.9677102364495732,0.8310250816727214,0.13668515477685184,0.9773817486538164,0.8431371657451417,0.1342445829086747,0.0024405718681771438,reduced
