analysis_type,architecture,source_dataset,target_dataset,aggregation,record_count_original,record_count_scored,excluded_all_zero_count,abnormal_prevalence,binary_auroc,five_label_macro_auroc_all_records,five_label_macro_auroc_binary_eligible_records
posthoc_label_collapse_no_retraining,ecg_fm,ptbxl,ptbxl,max_abnormal,2198,1267,931,0.24388318863456984,0.9925613636824291,0.9775844244829273,0.9911179160490512
posthoc_label_collapse_no_retraining,ecg_fm,ptbxl,ptbxl,noisy_or,2198,1267,931,0.24388318863456984,0.9924059698265669,0.9775844244829273,0.9911179160490512
posthoc_label_collapse_no_retraining,ecg_fm,ptbxl,ptbxl,one_minus_normal,2198,1267,931,0.24388318863456984,0.9831397666389661,0.9775844244829273,0.9911179160490512
posthoc_label_collapse_no_retraining,ecg_fm,ptbxl,cpsc2018,max_abnormal,688,496,192,0.8145161290322581,0.9341368919500644,0.9194823104349046,0.9306406097322757
posthoc_label_collapse_no_retraining,ecg_fm,ptbxl,cpsc2018,noisy_or,688,496,192,0.8145161290322581,0.9357108265174343,0.9194823104349046,0.9306406097322757
posthoc_label_collapse_no_retraining,ecg_fm,ptbxl,cpsc2018,one_minus_normal,688,496,192,0.8145161290322581,0.8733991605682307,0.9194823104349046,0.9306406097322757
posthoc_label_collapse_no_retraining,ecg_fm,ptbxl,georgia,max_abnormal,1034,403,631,0.56575682382134,0.9779699248120299,0.9387310506461641,0.9545315378807169
posthoc_label_collapse_no_retraining,ecg_fm,ptbxl,georgia,noisy_or,1034,403,631,0.56575682382134,0.9787468671679198,0.9387310506461641,0.9545315378807169
posthoc_label_collapse_no_retraining,ecg_fm,ptbxl,georgia,one_minus_normal,1034,403,631,0.56575682382134,0.9300125313283208,0.9387310506461641,0.9545315378807169
posthoc_label_collapse_no_retraining,ecg_fm,ptbxl,mimic_iv,max_abnormal,5000,4732,268,0.32967032967032966,0.7576926108254923,0.7363508890122368,0.7355914319254975
posthoc_label_collapse_no_retraining,ecg_fm,ptbxl,mimic_iv,noisy_or,5000,4732,268,0.32967032967032966,0.7585299657257413,0.7363508890122368,0.7355914319254975
posthoc_label_collapse_no_retraining,ecg_fm,ptbxl,mimic_iv,one_minus_normal,5000,4732,268,0.32967032967032966,0.6385837011349306,0.7363508890122368,0.7355914319254975
posthoc_label_collapse_no_retraining,ecg_fm,ptbxl,code_ii,max_abnormal,5000,2321,2679,0.17578629900904783,0.9855586902821767,0.9243471022520756,0.9654186068415441
posthoc_label_collapse_no_retraining,ecg_fm,ptbxl,code_ii,noisy_or,5000,2321,2679,0.17578629900904783,0.9857969978372948,0.9243471022520756,0.9654186068415441
posthoc_label_collapse_no_retraining,ecg_fm,ptbxl,code_ii,one_minus_normal,5000,2321,2679,0.17578629900904783,0.8854900167071533,0.9243471022520756,0.9654186068415441
posthoc_label_collapse_no_retraining,ecg_fm,cpsc2018,ptbxl,max_abnormal,2198,1267,931,0.24388318863456984,0.9138374850517867,0.919600495084404,0.9631275088761049
posthoc_label_collapse_no_retraining,ecg_fm,cpsc2018,ptbxl,noisy_or,2198,1267,931,0.24388318863456984,0.9200127017586532,0.919600495084404,0.9631275088761049
posthoc_label_collapse_no_retraining,ecg_fm,cpsc2018,ptbxl,one_minus_normal,2198,1267,931,0.24388318863456984,0.9753177128726919,0.919600495084404,0.9631275088761049
posthoc_label_collapse_no_retraining,ecg_fm,cpsc2018,cpsc2018,max_abnormal,688,496,192,0.8145161290322581,0.9748304993542833,0.9823272481439524,0.9862587199131102
posthoc_label_collapse_no_retraining,ecg_fm,cpsc2018,cpsc2018,noisy_or,688,496,192,0.8145161290322581,0.9750322858372793,0.9823272481439524,0.9862587199131102
posthoc_label_collapse_no_retraining,ecg_fm,cpsc2018,cpsc2018,one_minus_normal,688,496,192,0.8145161290322581,0.9812473095135601,0.9823272481439524,0.9862587199131102
posthoc_label_collapse_no_retraining,ecg_fm,cpsc2018,georgia,max_abnormal,1034,403,631,0.56575682382134,0.9106766917293234,0.9281313420677177,0.9624784860027908
posthoc_label_collapse_no_retraining,ecg_fm,cpsc2018,georgia,noisy_or,1034,403,631,0.56575682382134,0.9141604010025062,0.9281313420677177,0.9624784860027908
posthoc_label_collapse_no_retraining,ecg_fm,cpsc2018,georgia,one_minus_normal,1034,403,631,0.56575682382134,0.9727318295739348,0.9281313420677177,0.9624784860027908
posthoc_label_collapse_no_retraining,ecg_fm,cpsc2018,mimic_iv,max_abnormal,5000,4732,268,0.32967032967032966,0.6568027128399134,0.7626736736127679,0.7664403261598659
posthoc_label_collapse_no_retraining,ecg_fm,cpsc2018,mimic_iv,noisy_or,5000,4732,268,0.32967032967032966,0.6568908235522359,0.7626736736127679,0.7664403261598659
posthoc_label_collapse_no_retraining,ecg_fm,cpsc2018,mimic_iv,one_minus_normal,5000,4732,268,0.32967032967032966,0.7463087472111746,0.7626736736127679,0.7664403261598659
posthoc_label_collapse_no_retraining,ecg_fm,cpsc2018,code_ii,max_abnormal,5000,2321,2679,0.17578629900904783,0.9606914250279308,0.9237910348433847,0.9785230467795069
posthoc_label_collapse_no_retraining,ecg_fm,cpsc2018,code_ii,noisy_or,5000,2321,2679,0.17578629900904783,0.9633941658210592,0.9237910348433847,0.9785230467795069
posthoc_label_collapse_no_retraining,ecg_fm,cpsc2018,code_ii,one_minus_normal,5000,2321,2679,0.17578629900904783,0.9781788434139992,0.9237910348433847,0.9785230467795069
posthoc_label_collapse_no_retraining,ecg_fm,georgia,ptbxl,max_abnormal,2198,1267,931,0.24388318863456984,0.975815986649641,0.9456829986507603,0.9830396103832669
posthoc_label_collapse_no_retraining,ecg_fm,georgia,ptbxl,noisy_or,2198,1267,931,0.24388318863456984,0.9776469316469721,0.9456829986507603,0.9830396103832669
posthoc_label_collapse_no_retraining,ecg_fm,georgia,ptbxl,one_minus_normal,2198,1267,931,0.24388318863456984,0.9705123267865226,0.9456829986507603,0.9830396103832669
posthoc_label_collapse_no_retraining,ecg_fm,georgia,cpsc2018,max_abnormal,688,496,192,0.8145161290322581,0.9335449849332759,0.9410855784130892,0.9476504471123418
posthoc_label_collapse_no_retraining,ecg_fm,georgia,cpsc2018,noisy_or,688,496,192,0.8145161290322581,0.9353207059836418,0.9410855784130892,0.9476504471123418
posthoc_label_collapse_no_retraining,ecg_fm,georgia,cpsc2018,one_minus_normal,688,496,192,0.8145161290322581,0.9263210288420146,0.9410855784130892,0.9476504471123418
posthoc_label_collapse_no_retraining,ecg_fm,georgia,georgia,max_abnormal,1034,403,631,0.56575682382134,0.9806641604010026,0.9663832395790728,0.9748367407365066
posthoc_label_collapse_no_retraining,ecg_fm,georgia,georgia,noisy_or,1034,403,631,0.56575682382134,0.9820551378446115,0.9663832395790728,0.9748367407365066
posthoc_label_collapse_no_retraining,ecg_fm,georgia,georgia,one_minus_normal,1034,403,631,0.56575682382134,0.9841729323308269,0.9663832395790728,0.9748367407365066
posthoc_label_collapse_no_retraining,ecg_fm,georgia,mimic_iv,max_abnormal,5000,4732,268,0.32967032967032966,0.7092872934652569,0.7562262785627306,0.7569411673002436
posthoc_label_collapse_no_retraining,ecg_fm,georgia,mimic_iv,noisy_or,5000,4732,268,0.32967032967032966,0.712737858505513,0.7562262785627306,0.7569411673002436
posthoc_label_collapse_no_retraining,ecg_fm,georgia,mimic_iv,one_minus_normal,5000,4732,268,0.32967032967032966,0.6889775721861157,0.7562262785627306,0.7569411673002436
posthoc_label_collapse_no_retraining,ecg_fm,georgia,code_ii,max_abnormal,5000,2321,2679,0.17578629900904783,0.969614505499011,0.9239055770157322,0.9679084365150095
posthoc_label_collapse_no_retraining,ecg_fm,georgia,code_ii,noisy_or,5000,2321,2679,0.17578629900904783,0.9716247450365405,0.9239055770157322,0.9679084365150095
posthoc_label_collapse_no_retraining,ecg_fm,georgia,code_ii,one_minus_normal,5000,2321,2679,0.17578629900904783,0.9092797730697089,0.9239055770157322,0.9679084365150095
posthoc_label_collapse_no_retraining,ecg_fm,mimic_iv,ptbxl,max_abnormal,2198,1267,931,0.24388318863456984,0.9467117308848666,0.8988350902168838,0.9533091208337193
posthoc_label_collapse_no_retraining,ecg_fm,mimic_iv,ptbxl,noisy_or,2198,1267,931,0.24388318863456984,0.948490314909027,0.8988350902168838,0.9533091208337193
posthoc_label_collapse_no_retraining,ecg_fm,mimic_iv,ptbxl,one_minus_normal,2198,1267,931,0.24388318863456984,0.9307044746674232,0.8988350902168838,0.9533091208337193
posthoc_label_collapse_no_retraining,ecg_fm,mimic_iv,cpsc2018,max_abnormal,688,496,192,0.8145161290322581,0.9586606758501938,0.9049556000448788,0.9238623844827629
posthoc_label_collapse_no_retraining,ecg_fm,mimic_iv,cpsc2018,noisy_or,688,496,192,0.8145161290322581,0.9586203185535945,0.9049556000448788,0.9238623844827629
posthoc_label_collapse_no_retraining,ecg_fm,mimic_iv,cpsc2018,one_minus_normal,688,496,192,0.8145161290322581,0.7421572320275506,0.9049556000448788,0.9238623844827629
posthoc_label_collapse_no_retraining,ecg_fm,mimic_iv,georgia,max_abnormal,1034,403,631,0.56575682382134,0.943032581453634,0.8905598839884405,0.9292196364564868
posthoc_label_collapse_no_retraining,ecg_fm,mimic_iv,georgia,noisy_or,1034,403,631,0.56575682382134,0.945062656641604,0.8905598839884405,0.9292196364564868
posthoc_label_collapse_no_retraining,ecg_fm,mimic_iv,georgia,one_minus_normal,1034,403,631,0.56575682382134,0.8307769423558896,0.8905598839884405,0.9292196364564868
posthoc_label_collapse_no_retraining,ecg_fm,mimic_iv,mimic_iv,max_abnormal,5000,4732,268,0.32967032967032966,0.9545016288356454,0.9836359881109985,0.9855014859860415
posthoc_label_collapse_no_retraining,ecg_fm,mimic_iv,mimic_iv,noisy_or,5000,4732,268,0.32967032967032966,0.9554521534581433,0.9836359881109985,0.9855014859860415
posthoc_label_collapse_no_retraining,ecg_fm,mimic_iv,mimic_iv,one_minus_normal,5000,4732,268,0.32967032967032966,0.7370780386070425,0.9836359881109985,0.9855014859860415
posthoc_label_collapse_no_retraining,ecg_fm,mimic_iv,code_ii,max_abnormal,5000,2321,2679,0.17578629900904783,0.9599809866445271,0.8906435212457389,0.9304451127627592
posthoc_label_collapse_no_retraining,ecg_fm,mimic_iv,code_ii,noisy_or,5000,2321,2679,0.17578629900904783,0.961332677346945,0.8906435212457389,0.9304451127627592
posthoc_label_collapse_no_retraining,ecg_fm,mimic_iv,code_ii,one_minus_normal,5000,2321,2679,0.17578629900904783,0.8003719391572626,0.8906435212457389,0.9304451127627592
posthoc_label_collapse_no_retraining,ecg_fm,code_ii,ptbxl,max_abnormal,2198,1267,931,0.24388318863456984,0.9867003128145881,0.9625823240186605,0.9832078575571405
posthoc_label_collapse_no_retraining,ecg_fm,code_ii,ptbxl,noisy_or,2198,1267,931,0.24388318863456984,0.9877019275594382,0.9625823240186605,0.9832078575571405
posthoc_label_collapse_no_retraining,ecg_fm,code_ii,ptbxl,one_minus_normal,2198,1267,931,0.24388318863456984,0.9866428846504652,0.9625823240186605,0.9832078575571405
posthoc_label_collapse_no_retraining,ecg_fm,code_ii,cpsc2018,max_abnormal,688,496,192,0.8145161290322581,0.9454234825656478,0.9423564465464581,0.9440545840413048
posthoc_label_collapse_no_retraining,ecg_fm,code_ii,cpsc2018,noisy_or,688,496,192,0.8145161290322581,0.9459212225570383,0.9423564465464581,0.9440545840413048
posthoc_label_collapse_no_retraining,ecg_fm,code_ii,cpsc2018,one_minus_normal,688,496,192,0.8145161290322581,0.9558356650882479,0.9423564465464581,0.9440545840413048
posthoc_label_collapse_no_retraining,ecg_fm,code_ii,georgia,max_abnormal,1034,403,631,0.56575682382134,0.9734962406015036,0.9490703556454771,0.9610896784647306
posthoc_label_collapse_no_retraining,ecg_fm,code_ii,georgia,noisy_or,1034,403,631,0.56575682382134,0.9741854636591478,0.9490703556454771,0.9610896784647306
posthoc_label_collapse_no_retraining,ecg_fm,code_ii,georgia,one_minus_normal,1034,403,631,0.56575682382134,0.9570426065162909,0.9490703556454771,0.9610896784647306
posthoc_label_collapse_no_retraining,ecg_fm,code_ii,mimic_iv,max_abnormal,5000,4732,268,0.32967032967032966,0.7183675469654348,0.6918535162810573,0.6909366298596453
posthoc_label_collapse_no_retraining,ecg_fm,code_ii,mimic_iv,noisy_or,5000,4732,268,0.32967032967032966,0.7206463001584377,0.6918535162810573,0.6909366298596453
posthoc_label_collapse_no_retraining,ecg_fm,code_ii,mimic_iv,one_minus_normal,5000,4732,268,0.32967032967032966,0.6377953527661913,0.6918535162810573,0.6909366298596453
posthoc_label_collapse_no_retraining,ecg_fm,code_ii,code_ii,max_abnormal,5000,2321,2679,0.17578629900904783,0.9898917878704018,0.951675543324059,0.9889397808887915
posthoc_label_collapse_no_retraining,ecg_fm,code_ii,code_ii,noisy_or,5000,2321,2679,0.17578629900904783,0.9903197164908828,0.951675543324059,0.9889397808887915
posthoc_label_collapse_no_retraining,ecg_fm,code_ii,code_ii,one_minus_normal,5000,2321,2679,0.17578629900904783,0.985728452384613,0.951675543324059,0.9889397808887915
posthoc_label_collapse_no_retraining,inception_time,ptbxl,ptbxl,max_abnormal,2198,1267,931,0.24388318863456984,0.9906848139665294,0.9743695916380843,0.9881604539350267
posthoc_label_collapse_no_retraining,inception_time,ptbxl,ptbxl,noisy_or,2198,1267,931,0.24388318863456984,0.9909601313415896,0.9743695916380843,0.9881604539350267
posthoc_label_collapse_no_retraining,inception_time,ptbxl,ptbxl,one_minus_normal,2198,1267,931,0.24388318863456984,0.9814135435879766,0.9743695916380843,0.9881604539350267
posthoc_label_collapse_no_retraining,inception_time,ptbxl,cpsc2018,max_abnormal,688,496,192,0.8145161290322581,0.965050581145071,0.9313417562489313,0.933433431595747
posthoc_label_collapse_no_retraining,inception_time,ptbxl,cpsc2018,noisy_or,688,496,192,0.8145161290322581,0.9670415411106328,0.9313417562489313,0.933433431595747
posthoc_label_collapse_no_retraining,inception_time,ptbxl,cpsc2018,one_minus_normal,688,496,192,0.8145161290322581,0.9608668747309513,0.9313417562489313,0.933433431595747
posthoc_label_collapse_no_retraining,inception_time,ptbxl,georgia,max_abnormal,1034,403,631,0.56575682382134,0.972468671679198,0.9289557432088307,0.9418667688824339
posthoc_label_collapse_no_retraining,inception_time,ptbxl,georgia,noisy_or,1034,403,631,0.56575682382134,0.9732330827067669,0.9289557432088307,0.9418667688824339
posthoc_label_collapse_no_retraining,inception_time,ptbxl,georgia,one_minus_normal,1034,403,631,0.56575682382134,0.9374436090225565,0.9289557432088307,0.9418667688824339
posthoc_label_collapse_no_retraining,inception_time,ptbxl,mimic_iv,max_abnormal,5000,4732,268,0.32967032967032966,0.8965305396579041,0.8891108241939667,0.8969870486156137
posthoc_label_collapse_no_retraining,inception_time,ptbxl,mimic_iv,noisy_or,5000,4732,268,0.32967032967032966,0.8987583664758948,0.8891108241939667,0.8969870486156137
posthoc_label_collapse_no_retraining,inception_time,ptbxl,mimic_iv,one_minus_normal,5000,4732,268,0.32967032967032966,0.7312212023474634,0.8891108241939667,0.8969870486156137
posthoc_label_collapse_no_retraining,inception_time,ptbxl,code_ii,max_abnormal,5000,2321,2679,0.17578629900904783,0.9826695314822217,0.93203712823332,0.9758261167622655
posthoc_label_collapse_no_retraining,inception_time,ptbxl,code_ii,noisy_or,5000,2321,2679,0.17578629900904783,0.9816426309154084,0.93203712823332,0.9758261167622655
posthoc_label_collapse_no_retraining,inception_time,ptbxl,code_ii,one_minus_normal,5000,2321,2679,0.17578629900904783,0.9533724362719473,0.93203712823332,0.9758261167622655
posthoc_label_collapse_no_retraining,inception_time,cpsc2018,ptbxl,max_abnormal,2198,1267,931,0.24388318863456984,0.9566772064238469,0.9146747894013043,0.950802650485261
posthoc_label_collapse_no_retraining,inception_time,cpsc2018,ptbxl,noisy_or,2198,1267,931,0.24388318863456984,0.9689313632094911,0.9146747894013043,0.950802650485261
posthoc_label_collapse_no_retraining,inception_time,cpsc2018,ptbxl,one_minus_normal,2198,1267,931,0.24388318863456984,0.9731438879542736,0.9146747894013043,0.950802650485261
posthoc_label_collapse_no_retraining,inception_time,cpsc2018,cpsc2018,max_abnormal,688,496,192,0.8145161290322581,0.9823907662505381,0.9788489945677579,0.9862103034106611
posthoc_label_collapse_no_retraining,inception_time,cpsc2018,cpsc2018,noisy_or,688,496,192,0.8145161290322581,0.9846104175634954,0.9788489945677579,0.9862103034106611
posthoc_label_collapse_no_retraining,inception_time,cpsc2018,cpsc2018,one_minus_normal,688,496,192,0.8145161290322581,0.975933598794662,0.9788489945677579,0.9862103034106611
posthoc_label_collapse_no_retraining,inception_time,cpsc2018,georgia,max_abnormal,1034,403,631,0.56575682382134,0.9361654135338346,0.8990200655101527,0.9379086995318
posthoc_label_collapse_no_retraining,inception_time,cpsc2018,georgia,noisy_or,1034,403,631,0.56575682382134,0.9467418546365914,0.8990200655101527,0.9379086995318
posthoc_label_collapse_no_retraining,inception_time,cpsc2018,georgia,one_minus_normal,1034,403,631,0.56575682382134,0.9278195488721804,0.8990200655101527,0.9379086995318
posthoc_label_collapse_no_retraining,inception_time,cpsc2018,mimic_iv,max_abnormal,5000,4732,268,0.32967032967032966,0.8514947497332428,0.9048998878039007,0.9112163056615564
posthoc_label_collapse_no_retraining,inception_time,cpsc2018,mimic_iv,noisy_or,5000,4732,268,0.32967032967032966,0.8659346000258674,0.9048998878039007,0.9112163056615564
posthoc_label_collapse_no_retraining,inception_time,cpsc2018,mimic_iv,one_minus_normal,5000,4732,268,0.32967032967032966,0.8190820318815274,0.9048998878039007,0.9112163056615564
posthoc_label_collapse_no_retraining,inception_time,cpsc2018,code_ii,max_abnormal,5000,2321,2679,0.17578629900904783,0.9408004315160461,0.8862442432147162,0.942966258487959
posthoc_label_collapse_no_retraining,inception_time,cpsc2018,code_ii,noisy_or,5000,2321,2679,0.17578629900904783,0.952015620675871,0.8862442432147162,0.942966258487959
posthoc_label_collapse_no_retraining,inception_time,cpsc2018,code_ii,one_minus_normal,5000,2321,2679,0.17578629900904783,0.9380637383024302,0.8862442432147162,0.942966258487959
posthoc_label_collapse_no_retraining,inception_time,georgia,ptbxl,max_abnormal,2198,1267,931,0.24388318863456984,0.9814557701792435,0.9550749947912667,0.9854517698281298
posthoc_label_collapse_no_retraining,inception_time,georgia,ptbxl,noisy_or,2198,1267,931,0.24388318863456984,0.9847984271439284,0.9550749947912667,0.9854517698281298
posthoc_label_collapse_no_retraining,inception_time,georgia,ptbxl,one_minus_normal,2198,1267,931,0.24388318863456984,0.9838863327725641,0.9550749947912667,0.9854517698281298
posthoc_label_collapse_no_retraining,inception_time,georgia,cpsc2018,max_abnormal,688,496,192,0.8145161290322581,0.980157662505381,0.9529593047457547,0.9602210027710107
posthoc_label_collapse_no_retraining,inception_time,georgia,cpsc2018,noisy_or,688,496,192,0.8145161290322581,0.979794446835988,0.9529593047457547,0.9602210027710107
posthoc_label_collapse_no_retraining,inception_time,georgia,cpsc2018,one_minus_normal,688,496,192,0.8145161290322581,0.9669742789496341,0.9529593047457547,0.9602210027710107
posthoc_label_collapse_no_retraining,inception_time,georgia,georgia,max_abnormal,1034,403,631,0.56575682382134,0.9749749373433584,0.9498037958701111,0.9625098678018846
posthoc_label_collapse_no_retraining,inception_time,georgia,georgia,noisy_or,1034,403,631,0.56575682382134,0.9770676691729322,0.9498037958701111,0.9625098678018846
posthoc_label_collapse_no_retraining,inception_time,georgia,georgia,one_minus_normal,1034,403,631,0.56575682382134,0.9743107769423559,0.9498037958701111,0.9625098678018846
posthoc_label_collapse_no_retraining,inception_time,georgia,mimic_iv,max_abnormal,5000,4732,268,0.32967032967032966,0.9130881794225111,0.9151226549162154,0.9252001520143299
posthoc_label_collapse_no_retraining,inception_time,georgia,mimic_iv,noisy_or,5000,4732,268,0.32967032967032966,0.9146019255019886,0.9151226549162154,0.9252001520143299
posthoc_label_collapse_no_retraining,inception_time,georgia,mimic_iv,one_minus_normal,5000,4732,268,0.32967032967032966,0.8079326923076923,0.9151226549162154,0.9252001520143299
posthoc_label_collapse_no_retraining,inception_time,georgia,code_ii,max_abnormal,5000,2321,2679,0.17578629900904783,0.9711763168414256,0.9223935326264746,0.9698739382506899
posthoc_label_collapse_no_retraining,inception_time,georgia,code_ii,noisy_or,5000,2321,2679,0.17578629900904783,0.9727291596199379,0.9223935326264746,0.9698739382506899
posthoc_label_collapse_no_retraining,inception_time,georgia,code_ii,one_minus_normal,5000,2321,2679,0.17578629900904783,0.9519867931490422,0.9223935326264746,0.9698739382506899
posthoc_label_collapse_no_retraining,inception_time,mimic_iv,ptbxl,max_abnormal,2198,1267,931,0.24388318863456984,0.979932234766335,0.8995393313215949,0.951970406215298
posthoc_label_collapse_no_retraining,inception_time,mimic_iv,ptbxl,noisy_or,2198,1267,931,0.24388318863456984,0.9805960367810501,0.8995393313215949,0.951970406215298
posthoc_label_collapse_no_retraining,inception_time,mimic_iv,ptbxl,one_minus_normal,2198,1267,931,0.24388318863456984,0.8837383707967652,0.8995393313215949,0.951970406215298
posthoc_label_collapse_no_retraining,inception_time,mimic_iv,cpsc2018,max_abnormal,688,496,192,0.8145161290322581,0.9737677572105037,0.9043103657366993,0.9141821629443427
posthoc_label_collapse_no_retraining,inception_time,mimic_iv,cpsc2018,noisy_or,688,496,192,0.8145161290322581,0.9743596642272923,0.9043103657366993,0.9141821629443427
posthoc_label_collapse_no_retraining,inception_time,mimic_iv,cpsc2018,one_minus_normal,688,496,192,0.8145161290322581,0.7518429832113646,0.9043103657366993,0.9141821629443427
posthoc_label_collapse_no_retraining,inception_time,mimic_iv,georgia,max_abnormal,1034,403,631,0.56575682382134,0.9668170426065162,0.9038795359953997,0.9423257490995296
posthoc_label_collapse_no_retraining,inception_time,mimic_iv,georgia,noisy_or,1034,403,631,0.56575682382134,0.9690225563909775,0.9038795359953997,0.9423257490995296
posthoc_label_collapse_no_retraining,inception_time,mimic_iv,georgia,one_minus_normal,1034,403,631,0.56575682382134,0.8555388471177945,0.9038795359953997,0.9423257490995296
posthoc_label_collapse_no_retraining,inception_time,mimic_iv,mimic_iv,max_abnormal,5000,4732,268,0.32967032967032966,0.9374291678791995,0.9720844898377262,0.9760808936325752
posthoc_label_collapse_no_retraining,inception_time,mimic_iv,mimic_iv,noisy_or,5000,4732,268,0.32967032967032966,0.9408894331813624,0.9720844898377262,0.9760808936325752
posthoc_label_collapse_no_retraining,inception_time,mimic_iv,mimic_iv,one_minus_normal,5000,4732,268,0.32967032967032966,0.7721433739127622,0.9720844898377262,0.9760808936325752
posthoc_label_collapse_no_retraining,inception_time,mimic_iv,code_ii,max_abnormal,5000,2321,2679,0.17578629900904783,0.979759873107633,0.8964324468309146,0.9279701248535541
posthoc_label_collapse_no_retraining,inception_time,mimic_iv,code_ii,noisy_or,5000,2321,2679,0.17578629900904783,0.9803947193095743,0.8964324468309146,0.9279701248535541
posthoc_label_collapse_no_retraining,inception_time,mimic_iv,code_ii,one_minus_normal,5000,2321,2679,0.17578629900904783,0.7308290540471285,0.8964324468309146,0.9279701248535541
posthoc_label_collapse_no_retraining,inception_time,code_ii,ptbxl,max_abnormal,2198,1267,931,0.24388318863456984,0.9825773084432914,0.9615277262188352,0.9830306171641011
posthoc_label_collapse_no_retraining,inception_time,code_ii,ptbxl,noisy_or,2198,1267,931,0.24388318863456984,0.9835721669335387,0.9615277262188352,0.9830306171641011
posthoc_label_collapse_no_retraining,inception_time,code_ii,ptbxl,one_minus_normal,2198,1267,931,0.24388318863456984,0.9841126673017545,0.9615277262188352,0.9830306171641011
posthoc_label_collapse_no_retraining,inception_time,code_ii,cpsc2018,max_abnormal,688,496,192,0.8145161290322581,0.9611762806715454,0.9416020360992654,0.9468065796334155
posthoc_label_collapse_no_retraining,inception_time,code_ii,cpsc2018,noisy_or,688,496,192,0.8145161290322581,0.9612839001291433,0.9416020360992654,0.9468065796334155
posthoc_label_collapse_no_retraining,inception_time,code_ii,cpsc2018,one_minus_normal,688,496,192,0.8145161290322581,0.9667859448988377,0.9416020360992654,0.9468065796334155
posthoc_label_collapse_no_retraining,inception_time,code_ii,georgia,max_abnormal,1034,403,631,0.56575682382134,0.979298245614035,0.9464033996832635,0.9599633292223212
posthoc_label_collapse_no_retraining,inception_time,code_ii,georgia,noisy_or,1034,403,631,0.56575682382134,0.9804260651629073,0.9464033996832635,0.9599633292223212
posthoc_label_collapse_no_retraining,inception_time,code_ii,georgia,one_minus_normal,1034,403,631,0.56575682382134,0.9681077694235589,0.9464033996832635,0.9599633292223212
posthoc_label_collapse_no_retraining,inception_time,code_ii,mimic_iv,max_abnormal,5000,4732,268,0.32967032967032966,0.8934110970996217,0.8976064031678576,0.9060582379560813
posthoc_label_collapse_no_retraining,inception_time,code_ii,mimic_iv,noisy_or,5000,4732,268,0.32967032967032966,0.8936463284508681,0.8976064031678576,0.9060582379560813
posthoc_label_collapse_no_retraining,inception_time,code_ii,mimic_iv,one_minus_normal,5000,4732,268,0.32967032967032966,0.7959514542309309,0.8976064031678576,0.9060582379560813
posthoc_label_collapse_no_retraining,inception_time,code_ii,code_ii,max_abnormal,5000,2321,2679,0.17578629900904783,0.988248618841159,0.9493424733373604,0.988035139436468
posthoc_label_collapse_no_retraining,inception_time,code_ii,code_ii,noisy_or,5000,2321,2679,0.17578629900904783,0.9890967887416335,0.9493424733373604,0.988035139436468
posthoc_label_collapse_no_retraining,inception_time,code_ii,code_ii,one_minus_normal,5000,2321,2679,0.17578629900904783,0.983130771911483,0.9493424733373604,0.988035139436468
posthoc_label_collapse_no_retraining,resnet1d,ptbxl,ptbxl,max_abnormal,2198,1267,931,0.24388318863456984,0.9906831249028789,0.9742395499969021,0.988594346189015
posthoc_label_collapse_no_retraining,resnet1d,ptbxl,ptbxl,noisy_or,2198,1267,931,0.24388318863456984,0.9910412063968219,0.9742395499969021,0.988594346189015
posthoc_label_collapse_no_retraining,resnet1d,ptbxl,ptbxl,one_minus_normal,2198,1267,931,0.24388318863456984,0.9848474099897979,0.9742395499969021,0.988594346189015
posthoc_label_collapse_no_retraining,resnet1d,ptbxl,cpsc2018,max_abnormal,688,496,192,0.8145161290322581,0.9614184244511408,0.9295961242122918,0.9254701305954802
posthoc_label_collapse_no_retraining,resnet1d,ptbxl,cpsc2018,noisy_or,688,496,192,0.8145161290322581,0.9625753336203186,0.9295961242122918,0.9254701305954802
posthoc_label_collapse_no_retraining,resnet1d,ptbxl,cpsc2018,one_minus_normal,688,496,192,0.8145161290322581,0.963960934136892,0.9295961242122918,0.9254701305954802
posthoc_label_collapse_no_retraining,resnet1d,ptbxl,georgia,max_abnormal,1034,403,631,0.56575682382134,0.9718421052631577,0.9352086797043944,0.9502243232512015
posthoc_label_collapse_no_retraining,resnet1d,ptbxl,georgia,noisy_or,1034,403,631,0.56575682382134,0.9723809523809523,0.9352086797043944,0.9502243232512015
posthoc_label_collapse_no_retraining,resnet1d,ptbxl,georgia,one_minus_normal,1034,403,631,0.56575682382134,0.9515664160401003,0.9352086797043944,0.9502243232512015
posthoc_label_collapse_no_retraining,resnet1d,ptbxl,mimic_iv,max_abnormal,5000,4732,268,0.32967032967032966,0.8864079121802955,0.8778344293285338,0.8859306269575719
posthoc_label_collapse_no_retraining,resnet1d,ptbxl,mimic_iv,noisy_or,5000,4732,268,0.32967032967032966,0.8890434531315679,0.8778344293285338,0.8859306269575719
posthoc_label_collapse_no_retraining,resnet1d,ptbxl,mimic_iv,one_minus_normal,5000,4732,268,0.32967032967032966,0.719403555145989,0.8778344293285338,0.8859306269575719
posthoc_label_collapse_no_retraining,resnet1d,ptbxl,code_ii,max_abnormal,5000,2321,2679,0.17578629900904783,0.9800808195729938,0.9367464568869242,0.9794604520736362
posthoc_label_collapse_no_retraining,resnet1d,ptbxl,code_ii,noisy_or,5000,2321,2679,0.17578629900904783,0.9805971526090835,0.9367464568869242,0.9794604520736362
posthoc_label_collapse_no_retraining,resnet1d,ptbxl,code_ii,one_minus_normal,5000,2321,2679,0.17578629900904783,0.9607164088845157,0.9367464568869242,0.9794604520736362
posthoc_label_collapse_no_retraining,resnet1d,cpsc2018,ptbxl,max_abnormal,2198,1267,931,0.24388318863456984,0.9541503672024376,0.9295824432666059,0.9728740540411746
posthoc_label_collapse_no_retraining,resnet1d,cpsc2018,ptbxl,noisy_or,2198,1267,931,0.24388318863456984,0.960695488848802,0.9295824432666059,0.9728740540411746
posthoc_label_collapse_no_retraining,resnet1d,cpsc2018,ptbxl,one_minus_normal,2198,1267,931,0.24388318863456984,0.9825198802791685,0.9295824432666059,0.9728740540411746
posthoc_label_collapse_no_retraining,resnet1d,cpsc2018,cpsc2018,max_abnormal,688,496,192,0.8145161290322581,0.9801173052087817,0.9821757288365074,0.9892543013038019
posthoc_label_collapse_no_retraining,resnet1d,cpsc2018,cpsc2018,noisy_or,688,496,192,0.8145161290322581,0.9815970727507534,0.9821757288365074,0.9892543013038019
posthoc_label_collapse_no_retraining,resnet1d,cpsc2018,cpsc2018,one_minus_normal,688,496,192,0.8145161290322581,0.9847449418854928,0.9821757288365074,0.9892543013038019
posthoc_label_collapse_no_retraining,resnet1d,cpsc2018,georgia,max_abnormal,1034,403,631,0.56575682382134,0.9477318295739349,0.9259746056397571,0.9596478373575945
posthoc_label_collapse_no_retraining,resnet1d,cpsc2018,georgia,noisy_or,1034,403,631,0.56575682382134,0.9535588972431077,0.9259746056397571,0.9596478373575945
posthoc_label_collapse_no_retraining,resnet1d,cpsc2018,georgia,one_minus_normal,1034,403,631,0.56575682382134,0.9645238095238095,0.9259746056397571,0.9596478373575945
posthoc_label_collapse_no_retraining,resnet1d,cpsc2018,mimic_iv,max_abnormal,5000,4732,268,0.32967032967032966,0.8627104754745044,0.92392502014409,0.9368652865281529
posthoc_label_collapse_no_retraining,resnet1d,cpsc2018,mimic_iv,noisy_or,5000,4732,268,0.32967032967032966,0.8686603736217545,0.92392502014409,0.9368652865281529
posthoc_label_collapse_no_retraining,resnet1d,cpsc2018,mimic_iv,one_minus_normal,5000,4732,268,0.32967032967032966,0.8740487680667378,0.92392502014409,0.9368652865281529
posthoc_label_collapse_no_retraining,resnet1d,cpsc2018,code_ii,max_abnormal,5000,2321,2679,0.17578629900904783,0.9714620296628845,0.9219375871935229,0.9783594593767274
posthoc_label_collapse_no_retraining,resnet1d,cpsc2018,code_ii,noisy_or,5000,2321,2679,0.17578629900904783,0.9752659819808739,0.9219375871935229,0.9783594593767274
posthoc_label_collapse_no_retraining,resnet1d,cpsc2018,code_ii,one_minus_normal,5000,2321,2679,0.17578629900904783,0.9614973145557231,0.9219375871935229,0.9783594593767274
posthoc_label_collapse_no_retraining,resnet1d,georgia,ptbxl,max_abnormal,2198,1267,931,0.24388318863456984,0.982293545749978,0.9437145557129334,0.9787012584111567
posthoc_label_collapse_no_retraining,resnet1d,georgia,ptbxl,noisy_or,2198,1267,931,0.24388318863456984,0.9846126301423543,0.9437145557129334,0.9787012584111567
posthoc_label_collapse_no_retraining,resnet1d,georgia,ptbxl,one_minus_normal,2198,1267,931,0.24388318863456984,0.9469042841410436,0.9437145557129334,0.9787012584111567
posthoc_label_collapse_no_retraining,resnet1d,georgia,cpsc2018,max_abnormal,688,496,192,0.8145161290322581,0.9690863108049936,0.9466882045824251,0.956291636458654
posthoc_label_collapse_no_retraining,resnet1d,georgia,cpsc2018,noisy_or,688,496,192,0.8145161290322581,0.9694360740421868,0.9466882045824251,0.956291636458654
posthoc_label_collapse_no_retraining,resnet1d,georgia,cpsc2018,one_minus_normal,688,496,192,0.8145161290322581,0.9614453293155402,0.9466882045824251,0.956291636458654
posthoc_label_collapse_no_retraining,resnet1d,georgia,georgia,max_abnormal,1034,403,631,0.56575682382134,0.9758897243107769,0.9562044789340464,0.9676037493731802
posthoc_label_collapse_no_retraining,resnet1d,georgia,georgia,noisy_or,1034,403,631,0.56575682382134,0.9780451127819549,0.9562044789340464,0.9676037493731802
posthoc_label_collapse_no_retraining,resnet1d,georgia,georgia,one_minus_normal,1034,403,631,0.56575682382134,0.9855764411027569,0.9562044789340464,0.9676037493731802
posthoc_label_collapse_no_retraining,resnet1d,georgia,mimic_iv,max_abnormal,5000,4732,268,0.32967032967032966,0.8956200286157726,0.886803597364284,0.8977378857176725
posthoc_label_collapse_no_retraining,resnet1d,georgia,mimic_iv,noisy_or,5000,4732,268,0.32967032967032966,0.8974222564425907,0.886803597364284,0.8977378857176725
posthoc_label_collapse_no_retraining,resnet1d,georgia,mimic_iv,one_minus_normal,5000,4732,268,0.32967032967032966,0.7500955879975426,0.886803597364284,0.8977378857176725
posthoc_label_collapse_no_retraining,resnet1d,georgia,code_ii,max_abnormal,5000,2321,2679,0.17578629900904783,0.9789898578354499,0.9278059538598153,0.9760540286287183
posthoc_label_collapse_no_retraining,resnet1d,georgia,code_ii,noisy_or,5000,2321,2679,0.17578629900904783,0.9807214312803009,0.9278059538598153,0.9760540286287183
posthoc_label_collapse_no_retraining,resnet1d,georgia,code_ii,one_minus_normal,5000,2321,2679,0.17578629900904783,0.9474339657452109,0.9278059538598153,0.9760540286287183
posthoc_label_collapse_no_retraining,resnet1d,mimic_iv,ptbxl,max_abnormal,2198,1267,931,0.24388318863456984,0.982143219085068,0.907652523051264,0.9610341343451217
posthoc_label_collapse_no_retraining,resnet1d,mimic_iv,ptbxl,noisy_or,2198,1267,931,0.24388318863456984,0.9855922870597456,0.907652523051264,0.9610341343451217
posthoc_label_collapse_no_retraining,resnet1d,mimic_iv,ptbxl,one_minus_normal,2198,1267,931,0.24388318863456984,0.8885251771827771,0.907652523051264,0.9610341343451217
posthoc_label_collapse_no_retraining,resnet1d,mimic_iv,cpsc2018,max_abnormal,688,496,192,0.8145161290322581,0.9726108480413259,0.9220929163729344,0.9342228562039374
posthoc_label_collapse_no_retraining,resnet1d,mimic_iv,cpsc2018,noisy_or,688,496,192,0.8145161290322581,0.9732565647869135,0.9220929163729344,0.9342228562039374
posthoc_label_collapse_no_retraining,resnet1d,mimic_iv,cpsc2018,one_minus_normal,688,496,192,0.8145161290322581,0.7538339431769264,0.9220929163729344,0.9342228562039374
posthoc_label_collapse_no_retraining,resnet1d,mimic_iv,georgia,max_abnormal,1034,403,631,0.56575682382134,0.9718421052631578,0.9062642991913424,0.9396499448662198
posthoc_label_collapse_no_retraining,resnet1d,mimic_iv,georgia,noisy_or,1034,403,631,0.56575682382134,0.9712531328320803,0.9062642991913424,0.9396499448662198
posthoc_label_collapse_no_retraining,resnet1d,mimic_iv,georgia,one_minus_normal,1034,403,631,0.56575682382134,0.8567669172932331,0.9062642991913424,0.9396499448662198
posthoc_label_collapse_no_retraining,resnet1d,mimic_iv,mimic_iv,max_abnormal,5000,4732,268,0.32967032967032966,0.9344762464836551,0.9682622524212834,0.972427381247645
posthoc_label_collapse_no_retraining,resnet1d,mimic_iv,mimic_iv,noisy_or,5000,4732,268,0.32967032967032966,0.9384754825880299,0.9682622524212834,0.972427381247645
posthoc_label_collapse_no_retraining,resnet1d,mimic_iv,mimic_iv,one_minus_normal,5000,4732,268,0.32967032967032966,0.7868290652180941,0.9682622524212834,0.972427381247645
posthoc_label_collapse_no_retraining,resnet1d,mimic_iv,code_ii,max_abnormal,5000,2321,2679,0.17578629900904783,0.9892319578118756,0.9106196181475354,0.9381018222377324
posthoc_label_collapse_no_retraining,resnet1d,mimic_iv,code_ii,noisy_or,5000,2321,2679,0.17578629900904783,0.990549696093806,0.9106196181475354,0.9381018222377324
posthoc_label_collapse_no_retraining,resnet1d,mimic_iv,code_ii,one_minus_normal,5000,2321,2679,0.17578629900904783,0.7502158861453625,0.9106196181475354,0.9381018222377324
posthoc_label_collapse_no_retraining,resnet1d,code_ii,ptbxl,max_abnormal,2198,1267,931,0.24388318863456984,0.98537777597611,0.9603022145251261,0.9817321919815558
posthoc_label_collapse_no_retraining,resnet1d,code_ii,ptbxl,noisy_or,2198,1267,931,0.24388318863456984,0.985237583693104,0.9603022145251261,0.9817321919815558
posthoc_label_collapse_no_retraining,resnet1d,code_ii,ptbxl,one_minus_normal,2198,1267,931,0.24388318863456984,0.9779138037037789,0.9603022145251261,0.9817321919815558
posthoc_label_collapse_no_retraining,resnet1d,code_ii,cpsc2018,max_abnormal,688,496,192,0.8145161290322581,0.960517111493758,0.9457692831653091,0.9463091178032478
posthoc_label_collapse_no_retraining,resnet1d,code_ii,cpsc2018,noisy_or,688,496,192,0.8145161290322581,0.9617950925527334,0.9457692831653091,0.9463091178032478
posthoc_label_collapse_no_retraining,resnet1d,code_ii,cpsc2018,one_minus_normal,688,496,192,0.8145161290322581,0.9693553594489884,0.9457692831653091,0.9463091178032478
posthoc_label_collapse_no_retraining,resnet1d,code_ii,georgia,max_abnormal,1034,403,631,0.56575682382134,0.9773433583959901,0.9455065841850017,0.9578263313929298
posthoc_label_collapse_no_retraining,resnet1d,code_ii,georgia,noisy_or,1034,403,631,0.56575682382134,0.9791478696741855,0.9455065841850017,0.9578263313929298
posthoc_label_collapse_no_retraining,resnet1d,code_ii,georgia,one_minus_normal,1034,403,631,0.56575682382134,0.9627819548872181,0.9455065841850017,0.9578263313929298
posthoc_label_collapse_no_retraining,resnet1d,code_ii,mimic_iv,max_abnormal,5000,4732,268,0.32967032967032966,0.9052276328127526,0.892395201053114,0.9019715162242342
posthoc_label_collapse_no_retraining,resnet1d,code_ii,mimic_iv,noisy_or,5000,4732,268,0.32967032967032966,0.9058559268600251,0.892395201053114,0.9019715162242342
posthoc_label_collapse_no_retraining,resnet1d,code_ii,mimic_iv,one_minus_normal,5000,4732,268,0.32967032967032966,0.7677151033077894,0.892395201053114,0.9019715162242342
posthoc_label_collapse_no_retraining,resnet1d,code_ii,code_ii,max_abnormal,5000,2321,2679,0.17578629900904783,0.987624663038242,0.9483219876857717,0.985678158610731
posthoc_label_collapse_no_retraining,resnet1d,code_ii,code_ii,noisy_or,5000,2321,2679,0.17578629900904783,0.9874529791006836,0.9483219876857717,0.985678158610731
posthoc_label_collapse_no_retraining,resnet1d,code_ii,code_ii,one_minus_normal,5000,2321,2679,0.17578629900904783,0.9799020889066552,0.9483219876857717,0.985678158610731
posthoc_label_collapse_no_retraining,transformer,ptbxl,ptbxl,max_abnormal,2198,1267,931,0.24388318863456984,0.9773817486538163,0.9473473195638702,0.9677102364495733
posthoc_label_collapse_no_retraining,transformer,ptbxl,ptbxl,noisy_or,2198,1267,931,0.24388318863456984,0.9782043226516948,0.9473473195638702,0.9677102364495733
posthoc_label_collapse_no_retraining,transformer,ptbxl,ptbxl,one_minus_normal,2198,1267,931,0.24388318863456984,0.9761875806527893,0.9473473195638702,0.9677102364495733
posthoc_label_collapse_no_retraining,transformer,ptbxl,cpsc2018,max_abnormal,688,496,192,0.8145161290322581,0.9370560697374084,0.881442078774913,0.8726966599683748
posthoc_label_collapse_no_retraining,transformer,ptbxl,cpsc2018,noisy_or,688,496,192,0.8145161290322581,0.9384685751183813,0.881442078774913,0.8726966599683748
posthoc_label_collapse_no_retraining,transformer,ptbxl,cpsc2018,one_minus_normal,688,496,192,0.8145161290322581,0.9477642057684029,0.881442078774913,0.8726966599683748
posthoc_label_collapse_no_retraining,transformer,ptbxl,georgia,max_abnormal,1034,403,631,0.56575682382134,0.9439598997493733,0.897754770955563,0.9061889526011008
posthoc_label_collapse_no_retraining,transformer,ptbxl,georgia,noisy_or,1034,403,631,0.56575682382134,0.9446867167919799,0.897754770955563,0.9061889526011008
posthoc_label_collapse_no_retraining,transformer,ptbxl,georgia,one_minus_normal,1034,403,631,0.56575682382134,0.9240100250626566,0.897754770955563,0.9061889526011008
posthoc_label_collapse_no_retraining,transformer,ptbxl,mimic_iv,max_abnormal,5000,4732,268,0.32967032967032966,0.8431371657451417,0.8244093790191653,0.8310250816727214
posthoc_label_collapse_no_retraining,transformer,ptbxl,mimic_iv,noisy_or,5000,4732,268,0.32967032967032966,0.8441590277104147,0.8244093790191653,0.8310250816727214
posthoc_label_collapse_no_retraining,transformer,ptbxl,mimic_iv,one_minus_normal,5000,4732,268,0.32967032967032966,0.7121099686358199,0.8244093790191653,0.8310250816727214
posthoc_label_collapse_no_retraining,transformer,ptbxl,code_ii,max_abnormal,5000,2321,2679,0.17578629900904783,0.9350112235171121,0.8862946772953627,0.9288793831670219
posthoc_label_collapse_no_retraining,transformer,ptbxl,code_ii,noisy_or,5000,2321,2679,0.17578629900904783,0.9371803347580537,0.8862946772953627,0.9288793831670219
posthoc_label_collapse_no_retraining,transformer,ptbxl,code_ii,one_minus_normal,5000,2321,2679,0.17578629900904783,0.9360554206000227,0.8862946772953627,0.9288793831670219
posthoc_label_collapse_no_retraining,transformer,cpsc2018,ptbxl,max_abnormal,2198,1267,931,0.24388318863456984,0.8947527548628142,0.8795096151954016,0.9158451747387311
posthoc_label_collapse_no_retraining,transformer,cpsc2018,ptbxl,noisy_or,2198,1267,931,0.24388318863456984,0.9097094134895379,0.8795096151954016,0.9158451747387311
posthoc_label_collapse_no_retraining,transformer,cpsc2018,ptbxl,one_minus_normal,2198,1267,931,0.24388318863456984,0.9541875266027524,0.8795096151954016,0.9158451747387311
posthoc_label_collapse_no_retraining,transformer,cpsc2018,cpsc2018,max_abnormal,688,496,192,0.8145161290322581,0.9531855359448989,0.9630679253770144,0.97061022013857
posthoc_label_collapse_no_retraining,transformer,cpsc2018,cpsc2018,noisy_or,688,496,192,0.8145161290322581,0.9555531640120534,0.9630679253770144,0.97061022013857
posthoc_label_collapse_no_retraining,transformer,cpsc2018,cpsc2018,one_minus_normal,688,496,192,0.8145161290322581,0.9661402281532502,0.9630679253770144,0.97061022013857
posthoc_label_collapse_no_retraining,transformer,cpsc2018,georgia,max_abnormal,1034,403,631,0.56575682382134,0.8708020050125314,0.8598596570462188,0.89346623704311
posthoc_label_collapse_no_retraining,transformer,cpsc2018,georgia,noisy_or,1034,403,631,0.56575682382134,0.8820300751879698,0.8598596570462188,0.89346623704311
posthoc_label_collapse_no_retraining,transformer,cpsc2018,georgia,one_minus_normal,1034,403,631,0.56575682382134,0.8780576441102756,0.8598596570462188,0.89346623704311
posthoc_label_collapse_no_retraining,transformer,cpsc2018,mimic_iv,max_abnormal,5000,4732,268,0.32967032967032966,0.7952028163093737,0.8644041730474695,0.8714128620713602
posthoc_label_collapse_no_retraining,transformer,cpsc2018,mimic_iv,noisy_or,5000,4732,268,0.32967032967032966,0.802308056067514,0.8644041730474695,0.8714128620713602
posthoc_label_collapse_no_retraining,transformer,cpsc2018,mimic_iv,one_minus_normal,5000,4732,268,0.32967032967032966,0.7704872562809196,0.8644041730474695,0.8714128620713602
posthoc_label_collapse_no_retraining,transformer,cpsc2018,code_ii,max_abnormal,5000,2321,2679,0.17578629900904783,0.8604670828080317,0.8365902826229406,0.8855902613227462
posthoc_label_collapse_no_retraining,transformer,cpsc2018,code_ii,noisy_or,5000,2321,2679,0.17578629900904783,0.8710025829464039,0.8365902826229406,0.8855902613227462
posthoc_label_collapse_no_retraining,transformer,cpsc2018,code_ii,one_minus_normal,5000,2321,2679,0.17578629900904783,0.8849141067822843,0.8365902826229406,0.8855902613227462
posthoc_label_collapse_no_retraining,transformer,georgia,ptbxl,max_abnormal,2198,1267,931,0.24388318863456984,0.9344626412901743,0.9049196982939582,0.9380453491132268
posthoc_label_collapse_no_retraining,transformer,georgia,ptbxl,noisy_or,2198,1267,931,0.24388318863456984,0.9383289079865686,0.9049196982939582,0.9380453491132268
posthoc_label_collapse_no_retraining,transformer,georgia,ptbxl,one_minus_normal,2198,1267,931,0.24388318863456984,0.9617089270392065,0.9049196982939582,0.9380453491132268
posthoc_label_collapse_no_retraining,transformer,georgia,cpsc2018,max_abnormal,688,496,192,0.8145161290322581,0.9279353207059835,0.8863579265427809,0.8877926891115301
posthoc_label_collapse_no_retraining,transformer,georgia,cpsc2018,noisy_or,688,496,192,0.8145161290322581,0.931150452001722,0.8863579265427809,0.8877926891115301
posthoc_label_collapse_no_retraining,transformer,georgia,cpsc2018,one_minus_normal,688,496,192,0.8145161290322581,0.9290787774429616,0.8863579265427809,0.8877926891115301
posthoc_label_collapse_no_retraining,transformer,georgia,georgia,max_abnormal,1034,403,631,0.56575682382134,0.9549248120300751,0.9068521403632606,0.918349519832927
posthoc_label_collapse_no_retraining,transformer,georgia,georgia,noisy_or,1034,403,631,0.56575682382134,0.95531328320802,0.9068521403632606,0.918349519832927
posthoc_label_collapse_no_retraining,transformer,georgia,georgia,one_minus_normal,1034,403,631,0.56575682382134,0.9531328320802005,0.9068521403632606,0.918349519832927
posthoc_label_collapse_no_retraining,transformer,georgia,mimic_iv,max_abnormal,5000,4732,268,0.32967032967032966,0.8125380937368643,0.8388830523715436,0.8472509066693137
posthoc_label_collapse_no_retraining,transformer,georgia,mimic_iv,noisy_or,5000,4732,268,0.32967032967032966,0.8128308193487891,0.8388830523715436,0.8472509066693137
posthoc_label_collapse_no_retraining,transformer,georgia,mimic_iv,one_minus_normal,5000,4732,268,0.32967032967032966,0.7359900936075274,0.8388830523715436,0.8472509066693137
posthoc_label_collapse_no_retraining,transformer,georgia,code_ii,max_abnormal,5000,2321,2679,0.17578629900904783,0.8981459415967119,0.8520681433812392,0.8963460760153807
posthoc_label_collapse_no_retraining,transformer,georgia,code_ii,noisy_or,5000,2321,2679,0.17578629900904783,0.9069114315877946,0.8520681433812392,0.8963460760153807
posthoc_label_collapse_no_retraining,transformer,georgia,code_ii,one_minus_normal,5000,2321,2679,0.17578629900904783,0.9046443067556349,0.8520681433812392,0.8963460760153807
posthoc_label_collapse_no_retraining,transformer,mimic_iv,ptbxl,max_abnormal,2198,1267,931,0.24388318863456984,0.9599911493064706,0.8638921412586005,0.9130251819283757
posthoc_label_collapse_no_retraining,transformer,mimic_iv,ptbxl,noisy_or,2198,1267,931,0.24388318863456984,0.9678807656187716,0.8638921412586005,0.9130251819283757
posthoc_label_collapse_no_retraining,transformer,mimic_iv,ptbxl,one_minus_normal,2198,1267,931,0.24388318863456984,0.8949790893920047,0.8638921412586005,0.9130251819283757
posthoc_label_collapse_no_retraining,transformer,mimic_iv,cpsc2018,max_abnormal,688,496,192,0.8145161290322581,0.9620103314679294,0.9208264242082785,0.9363523733325467
posthoc_label_collapse_no_retraining,transformer,mimic_iv,cpsc2018,noisy_or,688,496,192,0.8145161290322581,0.9656424881618596,0.9208264242082785,0.9363523733325467
posthoc_label_collapse_no_retraining,transformer,mimic_iv,cpsc2018,one_minus_normal,688,496,192,0.8145161290322581,0.7988592337494619,0.9208264242082785,0.9363523733325467
posthoc_label_collapse_no_retraining,transformer,mimic_iv,georgia,max_abnormal,1034,403,631,0.56575682382134,0.9407894736842105,0.8815152792529547,0.9205632447328457
posthoc_label_collapse_no_retraining,transformer,mimic_iv,georgia,noisy_or,1034,403,631,0.56575682382134,0.9493984962406015,0.8815152792529547,0.9205632447328457
posthoc_label_collapse_no_retraining,transformer,mimic_iv,georgia,one_minus_normal,1034,403,631,0.56575682382134,0.8369799498746868,0.8815152792529547,0.9205632447328457
posthoc_label_collapse_no_retraining,transformer,mimic_iv,mimic_iv,max_abnormal,5000,4732,268,0.32967032967032966,0.8860545599314515,0.9485447804962632,0.952584855251738
posthoc_label_collapse_no_retraining,transformer,mimic_iv,mimic_iv,noisy_or,5000,4732,268,0.32967032967032966,0.8923167863032301,0.9485447804962632,0.952584855251738
posthoc_label_collapse_no_retraining,transformer,mimic_iv,mimic_iv,one_minus_normal,5000,4732,268,0.32967032967032966,0.7813165882562163,0.9485447804962632,0.952584855251738
posthoc_label_collapse_no_retraining,transformer,mimic_iv,code_ii,max_abnormal,5000,2321,2679,0.17578629900904783,0.944595415270133,0.8708026740572958,0.9043488477509085
posthoc_label_collapse_no_retraining,transformer,mimic_iv,code_ii,noisy_or,5000,2321,2679,0.17578629900904783,0.9524550803070838,0.8708026740572958,0.9043488477509085
posthoc_label_collapse_no_retraining,transformer,mimic_iv,code_ii,one_minus_normal,5000,2321,2679,0.17578629900904783,0.7520627696975288,0.8708026740572958,0.9043488477509085
posthoc_label_collapse_no_retraining,transformer,code_ii,ptbxl,max_abnormal,2198,1267,931,0.24388318863456984,0.958607806176568,0.93425630512144,0.9546175707500097
posthoc_label_collapse_no_retraining,transformer,code_ii,ptbxl,noisy_or,2198,1267,931,0.24388318863456984,0.9629926154137193,0.93425630512144,0.9546175707500097
posthoc_label_collapse_no_retraining,transformer,code_ii,ptbxl,one_minus_normal,2198,1267,931,0.24388318863456984,0.9727097985960502,0.93425630512144,0.9546175707500097
posthoc_label_collapse_no_retraining,transformer,code_ii,cpsc2018,max_abnormal,688,496,192,0.8145161290322581,0.9400694145501507,0.9233816643624259,0.9206789602915462
posthoc_label_collapse_no_retraining,transformer,code_ii,cpsc2018,noisy_or,688,496,192,0.8145161290322581,0.9469705122686183,0.9233816643624259,0.9206789602915462
posthoc_label_collapse_no_retraining,transformer,code_ii,cpsc2018,one_minus_normal,688,496,192,0.8145161290322581,0.9440513344812741,0.9233816643624259,0.9206789602915462
posthoc_label_collapse_no_retraining,transformer,code_ii,georgia,max_abnormal,1034,403,631,0.56575682382134,0.9539724310776942,0.9053046534652269,0.9168565901369135
posthoc_label_collapse_no_retraining,transformer,code_ii,georgia,noisy_or,1034,403,631,0.56575682382134,0.9570426065162908,0.9053046534652269,0.9168565901369135
posthoc_label_collapse_no_retraining,transformer,code_ii,georgia,one_minus_normal,1034,403,631,0.56575682382134,0.9282205513784461,0.9053046534652269,0.9168565901369135
posthoc_label_collapse_no_retraining,transformer,code_ii,mimic_iv,max_abnormal,5000,4732,268,0.32967032967032966,0.8462179083001908,0.8712463356423701,0.8793264546912318
posthoc_label_collapse_no_retraining,transformer,code_ii,mimic_iv,noisy_or,5000,4732,268,0.32967032967032966,0.8490132004397453,0.8712463356423701,0.8793264546912318
posthoc_label_collapse_no_retraining,transformer,code_ii,mimic_iv,one_minus_normal,5000,4732,268,0.32967032967032966,0.7665647128722476,0.8712463356423701,0.8793264546912318
posthoc_label_collapse_no_retraining,transformer,code_ii,code_ii,max_abnormal,5000,2321,2679,0.17578629900904783,0.9641308692844623,0.9203393494539934,0.9562028493786607
posthoc_label_collapse_no_retraining,transformer,code_ii,code_ii,noisy_or,5000,2321,2679,0.17578629900904783,0.9672506482990478,0.9203393494539934,0.9562028493786607
posthoc_label_collapse_no_retraining,transformer,code_ii,code_ii,one_minus_normal,5000,2321,2679,0.17578629900904783,0.9519233725900189,0.9203393494539934,0.9562028493786607
