analysis_type,mapping_variant,architecture,source_dataset,target_dataset,is_diagonal,record_count,macro_auroc,auroc_normal,auroc_af_afl,auroc_av_block_1,auroc_lbbb,auroc_rbbb,auroc_bbb
posthoc_mapping_sensitivity_no_retraining,consensus_five_class,ecg_fm,ptbxl,ptbxl,True,2198,0.9775844244829273,0.9315839923316559,0.9786401071037364,0.9815502894247944,0.998289800995025,0.9978579325594251,
posthoc_mapping_sensitivity_no_retraining,exclusive_normal_five_class,ecg_fm,ptbxl,ptbxl,True,2198,0.977519646354666,0.9312601016903496,0.9786401071037364,0.9815502894247944,0.998289800995025,0.9978579325594251,
posthoc_mapping_sensitivity_no_retraining,abnormal_only_four_class,ecg_fm,ptbxl,ptbxl,True,2198,0.9890845325207451,,0.9786401071037364,0.9815502894247944,0.998289800995025,0.9978579325594251,
posthoc_mapping_sensitivity_no_retraining,merged_bbb_four_class,ecg_fm,ptbxl,ptbxl,True,2198,0.9718792254269907,0.9315839923316559,0.9786401071037364,0.9815502894247944,,,0.995742512847776
posthoc_mapping_sensitivity_no_retraining,consensus_five_class,ecg_fm,ptbxl,cpsc2018,False,688,0.9194823104349046,0.7800645608403851,0.9847795863986559,0.9598665223665224,0.9639809236947791,0.9087199588741807,
posthoc_mapping_sensitivity_no_retraining,exclusive_normal_five_class,ecg_fm,ptbxl,cpsc2018,False,688,0.9194823104349046,0.7800645608403851,0.9847795863986559,0.9598665223665224,0.9639809236947791,0.9087199588741807,
posthoc_mapping_sensitivity_no_retraining,abnormal_only_four_class,ecg_fm,ptbxl,cpsc2018,False,688,0.9543367478335345,,0.9847795863986559,0.9598665223665224,0.9639809236947791,0.9087199588741807,
posthoc_mapping_sensitivity_no_retraining,merged_bbb_four_class,ecg_fm,ptbxl,cpsc2018,False,688,0.905540090194776,0.7800645608403851,0.9847795863986559,0.9598665223665224,,,0.8974496911735407
posthoc_mapping_sensitivity_no_retraining,consensus_five_class,ecg_fm,ptbxl,georgia,False,1034,0.9387310506461641,0.8421220688508233,0.9379504504504506,0.9742023911302908,0.9875284909474047,0.9518518518518517,
posthoc_mapping_sensitivity_no_retraining,exclusive_normal_five_class,ecg_fm,ptbxl,georgia,False,1034,0.9387310506461641,0.8421220688508233,0.9379504504504506,0.9742023911302908,0.9875284909474047,0.9518518518518517,
posthoc_mapping_sensitivity_no_retraining,abnormal_only_four_class,ecg_fm,ptbxl,georgia,False,1034,0.9628832960949995,,0.9379504504504506,0.9742023911302908,0.9875284909474047,0.9518518518518517,
posthoc_mapping_sensitivity_no_retraining,merged_bbb_four_class,ecg_fm,ptbxl,georgia,False,1034,0.9277394315121373,0.8421220688508233,0.9379504504504506,0.9742023911302908,,,0.9566828156169849
posthoc_mapping_sensitivity_no_retraining,consensus_five_class,ecg_fm,ptbxl,mimic_iv,False,5000,0.7363508890122368,0.6490359472421502,0.8838483770352635,0.618870323177142,0.7952440290758048,0.7347557685308233,
posthoc_mapping_sensitivity_no_retraining,exclusive_normal_five_class,ecg_fm,ptbxl,mimic_iv,False,5000,0.7375028615142428,0.6547958097521804,0.8838483770352635,0.618870323177142,0.7952440290758048,0.7347557685308233,
posthoc_mapping_sensitivity_no_retraining,abnormal_only_four_class,ecg_fm,ptbxl,mimic_iv,False,5000,0.7581796244547584,,0.8838483770352635,0.618870323177142,0.7952440290758048,0.7347557685308233,
posthoc_mapping_sensitivity_no_retraining,merged_bbb_four_class,ecg_fm,ptbxl,mimic_iv,False,5000,0.713615621497146,0.6490359472421502,0.8838483770352635,0.618870323177142,,,0.7027078385340282
posthoc_mapping_sensitivity_no_retraining,consensus_five_class,ecg_fm,ptbxl,code_ii,False,5000,0.9243471022520756,0.693811679452355,0.9642598698232127,0.98313209539308,0.9917809678794219,0.9887508987123084,
posthoc_mapping_sensitivity_no_retraining,exclusive_normal_five_class,ecg_fm,ptbxl,code_ii,False,5000,0.9243471022520756,0.693811679452355,0.9642598698232127,0.98313209539308,0.9917809678794219,0.9887508987123084,
posthoc_mapping_sensitivity_no_retraining,abnormal_only_four_class,ecg_fm,ptbxl,code_ii,False,5000,0.9819809579520058,,0.9642598698232127,0.98313209539308,0.9917809678794219,0.9887508987123084,
posthoc_mapping_sensitivity_no_retraining,merged_bbb_four_class,ecg_fm,ptbxl,code_ii,False,5000,0.9081864094680806,0.693811679452355,0.9642598698232127,0.98313209539308,,,0.9915419932036748
posthoc_mapping_sensitivity_no_retraining,consensus_five_class,ecg_fm,cpsc2018,ptbxl,False,2198,0.919600495084404,0.8247657245197826,0.9616523684842887,0.8807265189574733,0.9947052929795467,0.9361525704809287,
posthoc_mapping_sensitivity_no_retraining,exclusive_normal_five_class,ecg_fm,cpsc2018,ptbxl,False,2198,0.91986563087275,0.8260914034615126,0.9616523684842887,0.8807265189574733,0.9947052929795467,0.9361525704809287,
posthoc_mapping_sensitivity_no_retraining,abnormal_only_four_class,ecg_fm,cpsc2018,ptbxl,False,2198,0.9433091877255593,,0.9616523684842887,0.8807265189574733,0.9947052929795467,0.9361525704809287,
posthoc_mapping_sensitivity_no_retraining,merged_bbb_four_class,ecg_fm,cpsc2018,ptbxl,False,2198,0.902531767025474,0.8247657245197826,0.9616523684842887,0.8807265189574733,,,0.9429824561403508
posthoc_mapping_sensitivity_no_retraining,consensus_five_class,ecg_fm,cpsc2018,cpsc2018,True,688,0.9823272481439524,0.9654581266413773,0.9943665643283324,0.9935854076479077,0.9690323795180723,0.9891937625840722,
posthoc_mapping_sensitivity_no_retraining,exclusive_normal_five_class,ecg_fm,cpsc2018,cpsc2018,True,688,0.9823272481439524,0.9654581266413773,0.9943665643283324,0.9935854076479077,0.9690323795180723,0.9891937625840722,
posthoc_mapping_sensitivity_no_retraining,abnormal_only_four_class,ecg_fm,cpsc2018,cpsc2018,True,688,0.9865445285195962,,0.9943665643283324,0.9935854076479077,0.9690323795180723,0.9891937625840722,
posthoc_mapping_sensitivity_no_retraining,merged_bbb_four_class,ecg_fm,cpsc2018,cpsc2018,True,688,0.9854522955250957,0.9654581266413773,0.9943665643283324,0.9935854076479077,,,0.9883990834827655
posthoc_mapping_sensitivity_no_retraining,consensus_five_class,ecg_fm,cpsc2018,georgia,False,1034,0.9281313420677177,0.8529186762015633,0.9423071509009009,0.936530554085413,0.9912699436631832,0.9176303854875283,
posthoc_mapping_sensitivity_no_retraining,exclusive_normal_five_class,ecg_fm,cpsc2018,georgia,False,1034,0.9281313420677177,0.8529186762015633,0.9423071509009009,0.936530554085413,0.9912699436631832,0.9176303854875283,
posthoc_mapping_sensitivity_no_retraining,abnormal_only_four_class,ecg_fm,cpsc2018,georgia,False,1034,0.9469345085342564,,0.9423071509009009,0.936530554085413,0.9912699436631832,0.9176303854875283,
posthoc_mapping_sensitivity_no_retraining,merged_bbb_four_class,ecg_fm,cpsc2018,georgia,False,1034,0.909638466980667,0.8529186762015633,0.9423071509009009,0.936530554085413,,,0.9067974867347908
posthoc_mapping_sensitivity_no_retraining,consensus_five_class,ecg_fm,cpsc2018,mimic_iv,False,5000,0.7626736736127679,0.7202429429025322,0.8203882143095604,0.6927957451002478,0.8511060593303584,0.7288354064211409,
posthoc_mapping_sensitivity_no_retraining,exclusive_normal_five_class,ecg_fm,cpsc2018,mimic_iv,False,5000,0.7689472764721306,0.7516109571993455,0.8203882143095604,0.6927957451002478,0.8511060593303584,0.7288354064211409,
posthoc_mapping_sensitivity_no_retraining,abnormal_only_four_class,ecg_fm,cpsc2018,mimic_iv,False,5000,0.7732813562903269,,0.8203882143095604,0.6927957451002478,0.8511060593303584,0.7288354064211409,
posthoc_mapping_sensitivity_no_retraining,merged_bbb_four_class,ecg_fm,cpsc2018,mimic_iv,False,5000,0.7303102075005294,0.7202429429025322,0.8203882143095604,0.6927957451002478,,,0.6878139276897776
posthoc_mapping_sensitivity_no_retraining,consensus_five_class,ecg_fm,cpsc2018,code_ii,False,5000,0.9237910348433847,0.7345741572461011,0.9592280591842439,0.970373706846449,0.9910399473052036,0.9637393036349254,
posthoc_mapping_sensitivity_no_retraining,exclusive_normal_five_class,ecg_fm,cpsc2018,code_ii,False,5000,0.9237910348433847,0.7345741572461011,0.9592280591842439,0.970373706846449,0.9910399473052036,0.9637393036349254,
posthoc_mapping_sensitivity_no_retraining,abnormal_only_four_class,ecg_fm,cpsc2018,code_ii,False,5000,0.9710952542427056,,0.9592280591842439,0.970373706846449,0.9910399473052036,0.9637393036349254,
posthoc_mapping_sensitivity_no_retraining,merged_bbb_four_class,ecg_fm,cpsc2018,code_ii,False,5000,0.9067236512097363,0.7345741572461011,0.9592280591842439,0.970373706846449,,,0.9627186815621511
posthoc_mapping_sensitivity_no_retraining,consensus_five_class,ecg_fm,georgia,ptbxl,False,2198,0.9456829986507603,0.8140846965244408,0.9668983294688193,0.9595761076696077,0.994022940851299,0.9938329187396352,
posthoc_mapping_sensitivity_no_retraining,exclusive_normal_five_class,ecg_fm,georgia,ptbxl,False,2198,0.9458331783437846,0.8148355949895616,0.9668983294688193,0.9595761076696077,0.994022940851299,0.9938329187396352,
posthoc_mapping_sensitivity_no_retraining,abnormal_only_four_class,ecg_fm,georgia,ptbxl,False,2198,0.9785825741823403,,0.9668983294688193,0.9595761076696077,0.994022940851299,0.9938329187396352,
posthoc_mapping_sensitivity_no_retraining,merged_bbb_four_class,ecg_fm,georgia,ptbxl,False,2198,0.9273414048936541,0.8140846965244408,0.9668983294688193,0.9595761076696077,,,0.9688064859117491
posthoc_mapping_sensitivity_no_retraining,consensus_five_class,ecg_fm,georgia,cpsc2018,False,688,0.9410855784130892,0.8769331777064487,0.9772562706366216,0.9741387085137085,0.9447163654618475,0.9323833697468191,
posthoc_mapping_sensitivity_no_retraining,exclusive_normal_five_class,ecg_fm,georgia,cpsc2018,False,688,0.9410855784130892,0.8769331777064487,0.9772562706366216,0.9741387085137085,0.9447163654618475,0.9323833697468191,
posthoc_mapping_sensitivity_no_retraining,abnormal_only_four_class,ecg_fm,georgia,cpsc2018,False,688,0.9571236785897492,,0.9772562706366216,0.9741387085137085,0.9447163654618475,0.9323833697468191,
posthoc_mapping_sensitivity_no_retraining,merged_bbb_four_class,ecg_fm,georgia,cpsc2018,False,688,0.9388612781064043,0.8769331777064487,0.9772562706366216,0.9741387085137085,,,0.9271169555688383
posthoc_mapping_sensitivity_no_retraining,consensus_five_class,ecg_fm,georgia,georgia,True,1034,0.9663832395790728,0.9461100947946117,0.9388020833333334,0.9795491864457382,0.995355438007999,0.9720993953136811,
posthoc_mapping_sensitivity_no_retraining,exclusive_normal_five_class,ecg_fm,georgia,georgia,True,1034,0.9663832395790728,0.9461100947946117,0.9388020833333334,0.9795491864457382,0.995355438007999,0.9720993953136811,
posthoc_mapping_sensitivity_no_retraining,abnormal_only_four_class,ecg_fm,georgia,georgia,True,1034,0.9714515257751878,,0.9388020833333334,0.9795491864457382,0.995355438007999,0.9720993953136811,
posthoc_mapping_sensitivity_no_retraining,merged_bbb_four_class,ecg_fm,georgia,georgia,True,1034,0.9584564639704372,0.9461100947946117,0.9388020833333334,0.9795491864457382,,,0.969364491308065
posthoc_mapping_sensitivity_no_retraining,consensus_five_class,ecg_fm,georgia,mimic_iv,False,5000,0.7562262785627306,0.6569657261697613,0.8533692614389683,0.6438733151235263,0.8340720159411747,0.7928510741402224,
posthoc_mapping_sensitivity_no_retraining,exclusive_normal_five_class,ecg_fm,georgia,mimic_iv,False,5000,0.7643500462236104,0.6975845644741598,0.8533692614389683,0.6438733151235263,0.8340720159411747,0.7928510741402224,
posthoc_mapping_sensitivity_no_retraining,abnormal_only_four_class,ecg_fm,georgia,mimic_iv,False,5000,0.7810414166609729,,0.8533692614389683,0.6438733151235263,0.8340720159411747,0.7928510741402224,
posthoc_mapping_sensitivity_no_retraining,merged_bbb_four_class,ecg_fm,georgia,mimic_iv,False,5000,0.7192117427822817,0.6569657261697613,0.8533692614389683,0.6438733151235263,,,0.7226386683968711
posthoc_mapping_sensitivity_no_retraining,consensus_five_class,ecg_fm,georgia,code_ii,False,5000,0.9239055770157322,0.7085658946823695,0.956175863566162,0.9826441357665932,0.9912021969080553,0.9809397941554806,
posthoc_mapping_sensitivity_no_retraining,exclusive_normal_five_class,ecg_fm,georgia,code_ii,False,5000,0.9239055770157322,0.7085658946823695,0.956175863566162,0.9826441357665932,0.9912021969080553,0.9809397941554806,
posthoc_mapping_sensitivity_no_retraining,abnormal_only_four_class,ecg_fm,georgia,code_ii,False,5000,0.9777404975990728,,0.956175863566162,0.9826441357665932,0.9912021969080553,0.9809397941554806,
posthoc_mapping_sensitivity_no_retraining,merged_bbb_four_class,ecg_fm,georgia,code_ii,False,5000,0.9038315818066031,0.7085658946823695,0.956175863566162,0.9826441357665932,,,0.9679404332112873
posthoc_mapping_sensitivity_no_retraining,consensus_five_class,ecg_fm,mimic_iv,ptbxl,False,2198,0.8988350902168838,0.7046737380234676,0.9634686381410387,0.8412434812217371,0.9910819168048646,0.9937076768933112,
posthoc_mapping_sensitivity_no_retraining,exclusive_normal_five_class,ecg_fm,mimic_iv,ptbxl,False,2198,0.8989638822444886,0.7053176981614924,0.9634686381410387,0.8412434812217371,0.9910819168048646,0.9937076768933112,
posthoc_mapping_sensitivity_no_retraining,abnormal_only_four_class,ecg_fm,mimic_iv,ptbxl,False,2198,0.9473754282652379,,0.9634686381410387,0.8412434812217371,0.9910819168048646,0.9937076768933112,
posthoc_mapping_sensitivity_no_retraining,merged_bbb_four_class,ecg_fm,mimic_iv,ptbxl,False,2198,0.8733226738096124,0.7046737380234676,0.9634686381410387,0.8412434812217371,,,0.9839048378522063
posthoc_mapping_sensitivity_no_retraining,consensus_five_class,ecg_fm,mimic_iv,cpsc2018,False,688,0.9049556000448788,0.6628428654800117,0.9888851879742803,0.9368348665223665,0.957988202811245,0.9782268774364906,
posthoc_mapping_sensitivity_no_retraining,exclusive_normal_five_class,ecg_fm,mimic_iv,cpsc2018,False,688,0.9049556000448788,0.6628428654800117,0.9888851879742803,0.9368348665223665,0.957988202811245,0.9782268774364906,
posthoc_mapping_sensitivity_no_retraining,abnormal_only_four_class,ecg_fm,mimic_iv,cpsc2018,False,688,0.9654837836860957,,0.9888851879742803,0.9368348665223665,0.957988202811245,0.9782268774364906,
posthoc_mapping_sensitivity_no_retraining,merged_bbb_four_class,ecg_fm,mimic_iv,cpsc2018,False,688,0.8915494767564679,0.6628428654800117,0.9888851879742803,0.9368348665223665,,,0.977634987049213
posthoc_mapping_sensitivity_no_retraining,consensus_five_class,ecg_fm,mimic_iv,georgia,False,1034,0.8905598839884405,0.6704839514385497,0.9420608108108108,0.8782654127481713,0.991420461875887,0.9705687830687832,
posthoc_mapping_sensitivity_no_retraining,exclusive_normal_five_class,ecg_fm,mimic_iv,georgia,False,1034,0.8905598839884405,0.6704839514385497,0.9420608108108108,0.8782654127481713,0.991420461875887,0.9705687830687832,
posthoc_mapping_sensitivity_no_retraining,abnormal_only_four_class,ecg_fm,mimic_iv,georgia,False,1034,0.9455788671259131,,0.9420608108108108,0.8782654127481713,0.991420461875887,0.9705687830687832,
posthoc_mapping_sensitivity_no_retraining,merged_bbb_four_class,ecg_fm,mimic_iv,georgia,False,1034,0.8646331575452004,0.6704839514385497,0.9420608108108108,0.8782654127481713,,,0.9677224551832702
posthoc_mapping_sensitivity_no_retraining,consensus_five_class,ecg_fm,mimic_iv,mimic_iv,True,5000,0.9836359881109985,0.9859633306549408,0.9922059538912046,0.9844899846061425,0.9763829249810558,0.9791377464216486,
posthoc_mapping_sensitivity_no_retraining,exclusive_normal_five_class,ecg_fm,mimic_iv,mimic_iv,True,5000,0.9410672054681906,0.7731194174409011,0.9922059538912046,0.9844899846061425,0.9763829249810558,0.9791377464216486,
posthoc_mapping_sensitivity_no_retraining,abnormal_only_four_class,ecg_fm,mimic_iv,mimic_iv,True,5000,0.9830541524750129,,0.9922059538912046,0.9844899846061425,0.9763829249810558,0.9791377464216486,
posthoc_mapping_sensitivity_no_retraining,merged_bbb_four_class,ecg_fm,mimic_iv,mimic_iv,True,5000,0.9813386231407132,0.9859633306549408,0.9922059538912046,0.9844899846061425,,,0.9626952234105649
posthoc_mapping_sensitivity_no_retraining,consensus_five_class,ecg_fm,mimic_iv,code_ii,False,5000,0.8906435212457389,0.6270694721519903,0.953580654690508,0.8885793231043435,0.9940972625828199,0.9898908936990323,
posthoc_mapping_sensitivity_no_retraining,exclusive_normal_five_class,ecg_fm,mimic_iv,code_ii,False,5000,0.8906435212457389,0.6270694721519903,0.953580654690508,0.8885793231043435,0.9940972625828199,0.9898908936990323,
posthoc_mapping_sensitivity_no_retraining,abnormal_only_four_class,ecg_fm,mimic_iv,code_ii,False,5000,0.9565370335191758,,0.953580654690508,0.8885793231043435,0.9940972625828199,0.9898908936990323,
posthoc_mapping_sensitivity_no_retraining,merged_bbb_four_class,ecg_fm,mimic_iv,code_ii,False,5000,0.8640561948121463,0.6270694721519903,0.953580654690508,0.8885793231043435,,,0.9869953293017435
posthoc_mapping_sensitivity_no_retraining,consensus_five_class,ecg_fm,code_ii,ptbxl,False,2198,0.9625823240186605,0.9035482908084974,0.9715903594154233,0.9429035668843078,0.9984323175787728,0.9964370854063018,
posthoc_mapping_sensitivity_no_retraining,exclusive_normal_five_class,ecg_fm,code_ii,ptbxl,False,2198,0.9626877880874144,0.9040756111522661,0.9715903594154233,0.9429035668843078,0.9984323175787728,0.9964370854063018,
posthoc_mapping_sensitivity_no_retraining,abnormal_only_four_class,ecg_fm,code_ii,ptbxl,False,2198,0.9773408323212014,,0.9715903594154233,0.9429035668843078,0.9984323175787728,0.9964370854063018,
posthoc_mapping_sensitivity_no_retraining,merged_bbb_four_class,ecg_fm,code_ii,ptbxl,False,2198,0.9531742748157777,0.9035482908084974,0.9715903594154233,0.9429035668843078,,,0.9946548821548822
posthoc_mapping_sensitivity_no_retraining,consensus_five_class,ecg_fm,code_ii,cpsc2018,False,688,0.9423564465464581,0.906897432156405,0.9823756009963505,0.9753449675324676,0.9646084337349398,0.8825557983121279,
posthoc_mapping_sensitivity_no_retraining,exclusive_normal_five_class,ecg_fm,code_ii,cpsc2018,False,688,0.9423564465464581,0.906897432156405,0.9823756009963505,0.9753449675324676,0.9646084337349398,0.8825557983121279,
posthoc_mapping_sensitivity_no_retraining,abnormal_only_four_class,ecg_fm,code_ii,cpsc2018,False,688,0.9512212001439714,,0.9823756009963505,0.9753449675324676,0.9646084337349398,0.8825557983121279,
posthoc_mapping_sensitivity_no_retraining,merged_bbb_four_class,ecg_fm,code_ii,cpsc2018,False,688,0.9366366679338083,0.906897432156405,0.9823756009963505,0.9753449675324676,,,0.8819286710500098
posthoc_mapping_sensitivity_no_retraining,consensus_five_class,ecg_fm,code_ii,georgia,False,1034,0.9490703556454771,0.881041077665059,0.9299549549549551,0.9735374343524814,0.991893519115813,0.9689247921390778,
posthoc_mapping_sensitivity_no_retraining,exclusive_normal_five_class,ecg_fm,code_ii,georgia,False,1034,0.9490703556454771,0.881041077665059,0.9299549549549551,0.9735374343524814,0.991893519115813,0.9689247921390778,
posthoc_mapping_sensitivity_no_retraining,abnormal_only_four_class,ecg_fm,code_ii,georgia,False,1034,0.9660776751405818,,0.9299549549549551,0.9735374343524814,0.991893519115813,0.9689247921390778,
posthoc_mapping_sensitivity_no_retraining,merged_bbb_four_class,ecg_fm,code_ii,georgia,False,1034,0.9372276956117473,0.881041077665059,0.9299549549549551,0.9735374343524814,,,0.9643773154744941
posthoc_mapping_sensitivity_no_retraining,consensus_five_class,ecg_fm,code_ii,mimic_iv,False,5000,0.6918535162810573,0.5936253740480104,0.7024603439559707,0.6228660382405947,0.8080255956891471,0.7322902294715636,
posthoc_mapping_sensitivity_no_retraining,exclusive_normal_five_class,ecg_fm,code_ii,mimic_iv,False,5000,0.7026629729710925,0.6476726574981857,0.7024603439559707,0.6228660382405947,0.8080255956891471,0.7322902294715636,
posthoc_mapping_sensitivity_no_retraining,abnormal_only_four_class,ecg_fm,code_ii,mimic_iv,False,5000,0.7164105518393191,,0.7024603439559707,0.6228660382405947,0.8080255956891471,0.7322902294715636,
posthoc_mapping_sensitivity_no_retraining,merged_bbb_four_class,ecg_fm,code_ii,mimic_iv,False,5000,0.6516048727149532,0.5936253740480104,0.7024603439559707,0.6228660382405947,,,0.6874677346152369
posthoc_mapping_sensitivity_no_retraining,consensus_five_class,ecg_fm,code_ii,code_ii,True,5000,0.951675543324059,0.8093360162873803,0.9742273355392941,0.9875891161997753,0.9962258805067998,0.9909993680870448,
posthoc_mapping_sensitivity_no_retraining,exclusive_normal_five_class,ecg_fm,code_ii,code_ii,True,5000,0.951675543324059,0.8093360162873803,0.9742273355392941,0.9875891161997753,0.9962258805067998,0.9909993680870448,
posthoc_mapping_sensitivity_no_retraining,abnormal_only_four_class,ecg_fm,code_ii,code_ii,True,5000,0.9872604250832285,,0.9742273355392941,0.9875891161997753,0.9962258805067998,0.9909993680870448,
posthoc_mapping_sensitivity_no_retraining,merged_bbb_four_class,ecg_fm,code_ii,code_ii,True,5000,0.941078028847538,0.8093360162873803,0.9742273355392941,0.9875891161997753,,,0.9931596473637019
posthoc_mapping_sensitivity_no_retraining,consensus_five_class,inception_time,ptbxl,ptbxl,True,2198,0.9743695916380843,0.9333114718259824,0.9737343065875663,0.9686501275380672,0.9985359660033168,0.9976160862354893,
posthoc_mapping_sensitivity_no_retraining,exclusive_normal_five_class,inception_time,ptbxl,ptbxl,True,2198,0.9742814773523545,0.9328709003973331,0.9737343065875663,0.9686501275380672,0.9985359660033168,0.9976160862354893,
posthoc_mapping_sensitivity_no_retraining,abnormal_only_four_class,inception_time,ptbxl,ptbxl,True,2198,0.98463412159111,,0.9737343065875663,0.9686501275380672,0.9985359660033168,0.9976160862354893,
posthoc_mapping_sensitivity_no_retraining,merged_bbb_four_class,inception_time,ptbxl,ptbxl,True,2198,0.9678767719867523,0.9333114718259824,0.9737343065875663,0.9686501275380672,,,0.9958111819953925
posthoc_mapping_sensitivity_no_retraining,consensus_five_class,inception_time,ptbxl,cpsc2018,False,688,0.9313417562489313,0.9200284505398307,0.9637229913688234,0.9471275252525253,0.8910956325301205,0.9347341815533564,
posthoc_mapping_sensitivity_no_retraining,exclusive_normal_five_class,inception_time,ptbxl,cpsc2018,False,688,0.9313417562489313,0.9200284505398307,0.9637229913688234,0.9471275252525253,0.8910956325301205,0.9347341815533564,
posthoc_mapping_sensitivity_no_retraining,abnormal_only_four_class,inception_time,ptbxl,cpsc2018,False,688,0.9341700826762064,,0.9637229913688234,0.9471275252525253,0.8910956325301205,0.9347341815533564,
posthoc_mapping_sensitivity_no_retraining,merged_bbb_four_class,inception_time,ptbxl,cpsc2018,False,688,0.9418699709196036,0.9200284505398307,0.9637229913688234,0.9471275252525253,,,0.9366009165172345
posthoc_mapping_sensitivity_no_retraining,consensus_five_class,inception_time,ptbxl,georgia,False,1034,0.9289557432088307,0.8459870281057708,0.9038851351351351,0.9431461954972926,0.9952694276007398,0.9564909297052153,
posthoc_mapping_sensitivity_no_retraining,exclusive_normal_five_class,inception_time,ptbxl,georgia,False,1034,0.9289557432088307,0.8459870281057708,0.9038851351351351,0.9431461954972926,0.9952694276007398,0.9564909297052153,
posthoc_mapping_sensitivity_no_retraining,abnormal_only_four_class,inception_time,ptbxl,georgia,False,1034,0.9496979219845958,,0.9038851351351351,0.9431461954972926,0.9952694276007398,0.9564909297052153,
posthoc_mapping_sensitivity_no_retraining,merged_bbb_four_class,inception_time,ptbxl,georgia,False,1034,0.9139774248431215,0.8459870281057708,0.9038851351351351,0.9431461954972926,,,0.9628913406342874
posthoc_mapping_sensitivity_no_retraining,consensus_five_class,inception_time,ptbxl,mimic_iv,False,5000,0.8891108241939667,0.7787335378038374,0.9626455803660852,0.8709368194788616,0.8912385282478741,0.9419996550731753,
posthoc_mapping_sensitivity_no_retraining,exclusive_normal_five_class,inception_time,ptbxl,mimic_iv,False,5000,0.8811444932050078,0.7389018828590429,0.9626455803660852,0.8709368194788616,0.8912385282478741,0.9419996550731753,
posthoc_mapping_sensitivity_no_retraining,abnormal_only_four_class,inception_time,ptbxl,mimic_iv,False,5000,0.916705145791499,,0.9626455803660852,0.8709368194788616,0.8912385282478741,0.9419996550731753,
posthoc_mapping_sensitivity_no_retraining,merged_bbb_four_class,inception_time,ptbxl,mimic_iv,False,5000,0.8806168079077493,0.7787335378038374,0.9626455803660852,0.8709368194788616,,,0.9101512939822133
posthoc_mapping_sensitivity_no_retraining,consensus_five_class,inception_time,ptbxl,code_ii,False,5000,0.93203712823332,0.7590727078176005,0.9756795819116518,0.9590174454647603,0.976983561935759,0.9894323440368281,
posthoc_mapping_sensitivity_no_retraining,exclusive_normal_five_class,inception_time,ptbxl,code_ii,False,5000,0.93203712823332,0.7590727078176005,0.9756795819116518,0.9590174454647603,0.976983561935759,0.9894323440368281,
posthoc_mapping_sensitivity_no_retraining,abnormal_only_four_class,inception_time,ptbxl,code_ii,False,5000,0.9752782333372498,,0.9756795819116518,0.9590174454647603,0.976983561935759,0.9894323440368281,
posthoc_mapping_sensitivity_no_retraining,merged_bbb_four_class,inception_time,ptbxl,code_ii,False,5000,0.9183806959351701,0.7590727078176005,0.9756795819116518,0.9590174454647603,,,0.9797530485466677
posthoc_mapping_sensitivity_no_retraining,consensus_five_class,inception_time,cpsc2018,ptbxl,False,2198,0.9146747894013043,0.8359781553091933,0.9551113011293951,0.8178834057144222,0.9945627763957988,0.9698383084577115,
posthoc_mapping_sensitivity_no_retraining,exclusive_normal_five_class,inception_time,cpsc2018,ptbxl,False,2198,0.9149351318056922,0.8372798673311335,0.9551113011293951,0.8178834057144222,0.9945627763957988,0.9698383084577115,
posthoc_mapping_sensitivity_no_retraining,abnormal_only_four_class,inception_time,cpsc2018,ptbxl,False,2198,0.934348947924332,,0.9551113011293951,0.8178834057144222,0.9945627763957988,0.9698383084577115,
posthoc_mapping_sensitivity_no_retraining,merged_bbb_four_class,inception_time,cpsc2018,ptbxl,False,2198,0.8924052525752897,0.8359781553091933,0.9551113011293951,0.8178834057144222,,,0.9606481481481481
posthoc_mapping_sensitivity_no_retraining,consensus_five_class,inception_time,cpsc2018,cpsc2018,True,688,0.9788489945677579,0.943491027137438,0.9833386433412501,0.9952200577200576,0.9811433232931728,0.9910519213468705,
posthoc_mapping_sensitivity_no_retraining,exclusive_normal_five_class,inception_time,cpsc2018,cpsc2018,True,688,0.9788489945677579,0.943491027137438,0.9833386433412501,0.9952200577200576,0.9811433232931728,0.9910519213468705,
posthoc_mapping_sensitivity_no_retraining,abnormal_only_four_class,inception_time,cpsc2018,cpsc2018,True,688,0.9876884864253377,,0.9833386433412501,0.9952200577200576,0.9811433232931728,0.9910519213468705,
posthoc_mapping_sensitivity_no_retraining,merged_bbb_four_class,inception_time,cpsc2018,cpsc2018,True,688,0.9780144244784572,0.943491027137438,0.9833386433412501,0.9952200577200576,,,0.9900079697150828
posthoc_mapping_sensitivity_no_retraining,consensus_five_class,inception_time,cpsc2018,georgia,False,1034,0.8990200655101527,0.7802926991518377,0.8811514639639639,0.8975423740314021,0.9937857480755171,0.9423280423280422,
posthoc_mapping_sensitivity_no_retraining,exclusive_normal_five_class,inception_time,cpsc2018,georgia,False,1034,0.8990200655101527,0.7802926991518377,0.8811514639639639,0.8975423740314021,0.9937857480755171,0.9423280423280422,
posthoc_mapping_sensitivity_no_retraining,abnormal_only_four_class,inception_time,cpsc2018,georgia,False,1034,0.9287019070997313,,0.8811514639639639,0.8975423740314021,0.9937857480755171,0.9423280423280422,
posthoc_mapping_sensitivity_no_retraining,merged_bbb_four_class,inception_time,cpsc2018,georgia,False,1034,0.8718352092437145,0.7802926991518377,0.8811514639639639,0.8975423740314021,,,0.9283542998276542
posthoc_mapping_sensitivity_no_retraining,consensus_five_class,inception_time,cpsc2018,mimic_iv,False,5000,0.9048998878039007,0.8159331164172494,0.9565600587567604,0.9034129308402793,0.9191501782155989,0.9294431547896158,
posthoc_mapping_sensitivity_no_retraining,exclusive_normal_five_class,inception_time,cpsc2018,mimic_iv,False,5000,0.905543386402013,0.8191506094078107,0.9565600587567604,0.9034129308402793,0.9191501782155989,0.9294431547896158,
posthoc_mapping_sensitivity_no_retraining,abnormal_only_four_class,inception_time,cpsc2018,mimic_iv,False,5000,0.9271415806505636,,0.9565600587567604,0.9034129308402793,0.9191501782155989,0.9294431547896158,
posthoc_mapping_sensitivity_no_retraining,merged_bbb_four_class,inception_time,cpsc2018,mimic_iv,False,5000,0.8897605415899817,0.8159331164172494,0.9565600587567604,0.9034129308402793,,,0.8831360603456376
posthoc_mapping_sensitivity_no_retraining,consensus_five_class,inception_time,cpsc2018,code_ii,False,5000,0.8862442432147162,0.6900815537426481,0.9216698949822658,0.8727503002828472,0.9925474156302065,0.9541720514356131,
posthoc_mapping_sensitivity_no_retraining,exclusive_normal_five_class,inception_time,cpsc2018,code_ii,False,5000,0.8862442432147162,0.6900815537426481,0.9216698949822658,0.8727503002828472,0.9925474156302065,0.9541720514356131,
posthoc_mapping_sensitivity_no_retraining,abnormal_only_four_class,inception_time,cpsc2018,code_ii,False,5000,0.9352849155827332,,0.9216698949822658,0.8727503002828472,0.9925474156302065,0.9541720514356131,
posthoc_mapping_sensitivity_no_retraining,merged_bbb_four_class,inception_time,cpsc2018,code_ii,False,5000,0.8623917854059588,0.6900815537426481,0.9216698949822658,0.8727503002828472,,,0.9650653926160739
posthoc_mapping_sensitivity_no_retraining,consensus_five_class,inception_time,georgia,ptbxl,False,2198,0.9550749947912667,0.850282728147952,0.972292525519837,0.9592863841912533,0.9967480306799337,0.9967653054173576,
posthoc_mapping_sensitivity_no_retraining,exclusive_normal_five_class,inception_time,georgia,ptbxl,False,2198,0.9551667756483084,0.8507416324331605,0.972292525519837,0.9592863841912533,0.9967480306799337,0.9967653054173576,
posthoc_mapping_sensitivity_no_retraining,abnormal_only_four_class,inception_time,georgia,ptbxl,False,2198,0.9812730614520954,,0.972292525519837,0.9592863841912533,0.9967480306799337,0.9967653054173576,
posthoc_mapping_sensitivity_no_retraining,merged_bbb_four_class,inception_time,georgia,ptbxl,False,2198,0.943797967501266,0.850282728147952,0.972292525519837,0.9592863841912533,,,0.9933302321460216
posthoc_mapping_sensitivity_no_retraining,consensus_five_class,inception_time,georgia,cpsc2018,False,688,0.9529593047457547,0.9227184855558798,0.9644036378381511,0.9633612914862915,0.9526543674698795,0.9616587413785718,
posthoc_mapping_sensitivity_no_retraining,exclusive_normal_five_class,inception_time,georgia,cpsc2018,False,688,0.9529593047457547,0.9227184855558798,0.9644036378381511,0.9633612914862915,0.9526543674698795,0.9616587413785718,
posthoc_mapping_sensitivity_no_retraining,abnormal_only_four_class,inception_time,georgia,cpsc2018,False,688,0.9605195095432235,,0.9644036378381511,0.9633612914862915,0.9526543674698795,0.9616587413785718,
posthoc_mapping_sensitivity_no_retraining,merged_bbb_four_class,inception_time,georgia,cpsc2018,False,688,0.9524021846624994,0.9227184855558798,0.9644036378381511,0.9633612914862915,,,0.9591253237696753
posthoc_mapping_sensitivity_no_retraining,consensus_five_class,inception_time,georgia,georgia,True,1034,0.9498037958701111,0.8952403126559121,0.9290259009009009,0.9588676736012158,0.9981507762439255,0.9677343159486016,
posthoc_mapping_sensitivity_no_retraining,exclusive_normal_five_class,inception_time,georgia,georgia,True,1034,0.9498037958701111,0.8952403126559121,0.9290259009009009,0.9588676736012158,0.9981507762439255,0.9677343159486016,
posthoc_mapping_sensitivity_no_retraining,abnormal_only_four_class,inception_time,georgia,georgia,True,1034,0.9634446666736609,,0.9290259009009009,0.9588676736012158,0.9981507762439255,0.9677343159486016,
posthoc_mapping_sensitivity_no_retraining,merged_bbb_four_class,inception_time,georgia,georgia,True,1034,0.9383909165913094,0.8952403126559121,0.9290259009009009,0.9588676736012158,,,0.9704297792072087
posthoc_mapping_sensitivity_no_retraining,consensus_five_class,inception_time,georgia,mimic_iv,False,5000,0.9151226549162154,0.8333923201957275,0.9589128091645285,0.901356994349328,0.9341062557884987,0.9478448950829941,
posthoc_mapping_sensitivity_no_retraining,exclusive_normal_five_class,inception_time,georgia,mimic_iv,False,5000,0.9102601074998166,0.8090795831137332,0.9589128091645285,0.901356994349328,0.9341062557884987,0.9478448950829941,
posthoc_mapping_sensitivity_no_retraining,abnormal_only_four_class,inception_time,georgia,mimic_iv,False,5000,0.9355552385963373,,0.9589128091645285,0.901356994349328,0.9341062557884987,0.9478448950829941,
posthoc_mapping_sensitivity_no_retraining,merged_bbb_four_class,inception_time,georgia,mimic_iv,False,5000,0.9020460976454591,0.8333923201957275,0.9589128091645285,0.901356994349328,,,0.9145222668722521
posthoc_mapping_sensitivity_no_retraining,consensus_five_class,inception_time,georgia,code_ii,False,5000,0.9223935326264746,0.7370172473440126,0.9638296480309918,0.9675391820682708,0.9629937715525592,0.9805878141365383,
posthoc_mapping_sensitivity_no_retraining,exclusive_normal_five_class,inception_time,georgia,code_ii,False,5000,0.9223935326264746,0.7370172473440126,0.9638296480309918,0.9675391820682708,0.9629937715525592,0.9805878141365383,
posthoc_mapping_sensitivity_no_retraining,abnormal_only_four_class,inception_time,georgia,code_ii,False,5000,0.9687376039470901,,0.9638296480309918,0.9675391820682708,0.9629937715525592,0.9805878141365383,
posthoc_mapping_sensitivity_no_retraining,merged_bbb_four_class,inception_time,georgia,code_ii,False,5000,0.910884741588722,0.7370172473440126,0.9638296480309918,0.9675391820682708,,,0.9751528889116128
posthoc_mapping_sensitivity_no_retraining,consensus_five_class,inception_time,mimic_iv,ptbxl,False,2198,0.8995393313215949,0.6576832687998453,0.9692747716399792,0.8808400188768288,0.9952451285240465,0.9946534687672748,
posthoc_mapping_sensitivity_no_retraining,exclusive_normal_five_class,inception_time,mimic_iv,ptbxl,False,2198,0.8994572367912035,0.6572727961478887,0.9692747716399792,0.8808400188768288,0.9952451285240465,0.9946534687672748,
posthoc_mapping_sensitivity_no_retraining,abnormal_only_four_class,inception_time,mimic_iv,ptbxl,False,2198,0.9600033469520323,,0.9692747716399792,0.8808400188768288,0.9952451285240465,0.9946534687672748,
posthoc_mapping_sensitivity_no_retraining,merged_bbb_four_class,inception_time,mimic_iv,ptbxl,False,2198,0.8743118442638611,0.6576832687998453,0.9692747716399792,0.8808400188768288,,,0.9894493177387914
posthoc_mapping_sensitivity_no_retraining,consensus_five_class,inception_time,mimic_iv,cpsc2018,False,688,0.9043103657366993,0.7126039538955355,0.984779586398656,0.964759199134199,0.8869226907630523,0.9724863984920533,
posthoc_mapping_sensitivity_no_retraining,exclusive_normal_five_class,inception_time,mimic_iv,cpsc2018,False,688,0.9043103657366993,0.7126039538955355,0.984779586398656,0.964759199134199,0.8869226907630523,0.9724863984920533,
posthoc_mapping_sensitivity_no_retraining,abnormal_only_four_class,inception_time,mimic_iv,cpsc2018,False,688,0.9522369686969903,,0.984779586398656,0.964759199134199,0.8869226907630523,0.9724863984920533,
posthoc_mapping_sensitivity_no_retraining,merged_bbb_four_class,inception_time,mimic_iv,cpsc2018,False,688,0.9063443618843939,0.7126039538955355,0.984779586398656,0.964759199134199,,,0.963234708109185
posthoc_mapping_sensitivity_no_retraining,consensus_five_class,inception_time,mimic_iv,georgia,False,1034,0.9038795359953997,0.6813138200565441,0.9312922297297298,0.9523877376541953,0.9963445576914807,0.9580593348450491,
posthoc_mapping_sensitivity_no_retraining,exclusive_normal_five_class,inception_time,mimic_iv,georgia,False,1034,0.9038795359953997,0.6813138200565441,0.9312922297297298,0.9523877376541953,0.9963445576914807,0.9580593348450491,
posthoc_mapping_sensitivity_no_retraining,abnormal_only_four_class,inception_time,mimic_iv,georgia,False,1034,0.9595209649801137,,0.9312922297297298,0.9523877376541953,0.9963445576914807,0.9580593348450491,
posthoc_mapping_sensitivity_no_retraining,merged_bbb_four_class,inception_time,mimic_iv,georgia,False,1034,0.8813911411564166,0.6813138200565441,0.9312922297297298,0.9523877376541953,,,0.9605707771851972
posthoc_mapping_sensitivity_no_retraining,consensus_five_class,inception_time,mimic_iv,mimic_iv,True,5000,0.9720844898377262,0.9773684910590178,0.9821356556243381,0.9556575946159045,0.9642496702309786,0.9810110376583914,
posthoc_mapping_sensitivity_no_retraining,exclusive_normal_five_class,inception_time,mimic_iv,mimic_iv,True,5000,0.9366903719802814,0.8003979017717942,0.9821356556243381,0.9556575946159045,0.9642496702309786,0.9810110376583914,
posthoc_mapping_sensitivity_no_retraining,abnormal_only_four_class,inception_time,mimic_iv,mimic_iv,True,5000,0.9707634895324031,,0.9821356556243381,0.9556575946159045,0.9642496702309786,0.9810110376583914,
posthoc_mapping_sensitivity_no_retraining,merged_bbb_four_class,inception_time,mimic_iv,mimic_iv,True,5000,0.9682422461999189,0.9773684910590178,0.9821356556243381,0.9556575946159045,,,0.9578072435004152
posthoc_mapping_sensitivity_no_retraining,consensus_five_class,inception_time,mimic_iv,code_ii,False,5000,0.8964324468309146,0.6065973846786119,0.9741519971609327,0.9279200085241581,0.9843877135882831,0.9891051302025875,
posthoc_mapping_sensitivity_no_retraining,exclusive_normal_five_class,inception_time,mimic_iv,code_ii,False,5000,0.8964324468309146,0.6065973846786119,0.9741519971609327,0.9279200085241581,0.9843877135882831,0.9891051302025875,
posthoc_mapping_sensitivity_no_retraining,abnormal_only_four_class,inception_time,mimic_iv,code_ii,False,5000,0.9688912123689903,,0.9741519971609327,0.9279200085241581,0.9843877135882831,0.9891051302025875,
posthoc_mapping_sensitivity_no_retraining,merged_bbb_four_class,inception_time,mimic_iv,code_ii,False,5000,0.8732717456976501,0.6065973846786119,0.9741519971609327,0.9279200085241581,,,0.9844175924268979
posthoc_mapping_sensitivity_no_retraining,consensus_five_class,inception_time,code_ii,ptbxl,False,2198,0.9615277262188352,0.8963062460848984,0.9788320325056095,0.9391252143057688,0.9967005251520176,0.9966746130458817,
posthoc_mapping_sensitivity_no_retraining,exclusive_normal_five_class,inception_time,code_ii,ptbxl,False,2198,0.9616024592228805,0.8966799111051249,0.9788320325056095,0.9391252143057688,0.9967005251520176,0.9966746130458817,
posthoc_mapping_sensitivity_no_retraining,abnormal_only_four_class,inception_time,code_ii,ptbxl,False,2198,0.9778330962523194,,0.9788320325056095,0.9391252143057688,0.9967005251520176,0.9966746130458817,
posthoc_mapping_sensitivity_no_retraining,merged_bbb_four_class,inception_time,code_ii,ptbxl,False,2198,0.9517727224177605,0.8963062460848984,0.9788320325056095,0.9391252143057688,,,0.9928273967747652
posthoc_mapping_sensitivity_no_retraining,consensus_five_class,inception_time,code_ii,cpsc2018,False,688,0.9416020360992654,0.9245787131601985,0.9614421016045878,0.9711061507936509,0.941547439759036,0.9093357751788544,
posthoc_mapping_sensitivity_no_retraining,exclusive_normal_five_class,inception_time,code_ii,cpsc2018,False,688,0.9416020360992654,0.9245787131601985,0.9614421016045878,0.9711061507936509,0.941547439759036,0.9093357751788544,
posthoc_mapping_sensitivity_no_retraining,abnormal_only_four_class,inception_time,code_ii,cpsc2018,False,688,0.9458578668340323,,0.9614421016045878,0.9711061507936509,0.941547439759036,0.9093357751788544,
posthoc_mapping_sensitivity_no_retraining,merged_bbb_four_class,inception_time,code_ii,cpsc2018,False,688,0.9420761227404759,0.9245787131601985,0.9614421016045878,0.9711061507936509,,,0.9111775254034669
posthoc_mapping_sensitivity_no_retraining,consensus_five_class,inception_time,code_ii,georgia,False,1034,0.9464033996832635,0.8911192416431066,0.9277308558558559,0.9688895221810582,0.9940222766954802,0.9502551020408163,
posthoc_mapping_sensitivity_no_retraining,exclusive_normal_five_class,inception_time,code_ii,georgia,False,1034,0.9464033996832635,0.8911192416431066,0.9277308558558559,0.9688895221810582,0.9940222766954802,0.9502551020408163,
posthoc_mapping_sensitivity_no_retraining,abnormal_only_four_class,inception_time,code_ii,georgia,False,1034,0.9602244391933026,,0.9277308558558559,0.9688895221810582,0.9940222766954802,0.9502551020408163,
posthoc_mapping_sensitivity_no_retraining,merged_bbb_four_class,inception_time,code_ii,georgia,False,1034,0.9358392868494655,0.8911192416431066,0.9277308558558559,0.9688895221810582,,,0.9556175277178411
posthoc_mapping_sensitivity_no_retraining,consensus_five_class,inception_time,code_ii,mimic_iv,False,5000,0.8976064031678576,0.8329390936662111,0.9609700588521447,0.8934990284974093,0.9195077320310965,0.8811161027924259,
posthoc_mapping_sensitivity_no_retraining,exclusive_normal_five_class,inception_time,code_ii,mimic_iv,False,5000,0.8913658068484607,0.8017361120692272,0.9609700588521447,0.8934990284974093,0.9195077320310965,0.8811161027924259,
posthoc_mapping_sensitivity_no_retraining,abnormal_only_four_class,inception_time,code_ii,mimic_iv,False,5000,0.9137732305432691,,0.9609700588521447,0.8934990284974093,0.9195077320310965,0.8811161027924259,
posthoc_mapping_sensitivity_no_retraining,merged_bbb_four_class,inception_time,code_ii,mimic_iv,False,5000,0.8896947982725737,0.8329390936662111,0.9609700588521447,0.8934990284974093,,,0.8713710120745297
posthoc_mapping_sensitivity_no_retraining,consensus_five_class,inception_time,code_ii,code_ii,True,5000,0.9493424733373604,0.8039190534949947,0.9724509358810922,0.9811160835367507,0.9952039501724206,0.9940223436015436,
posthoc_mapping_sensitivity_no_retraining,exclusive_normal_five_class,inception_time,code_ii,code_ii,True,5000,0.9493424733373604,0.8039190534949947,0.9724509358810922,0.9811160835367507,0.9952039501724206,0.9940223436015436,
posthoc_mapping_sensitivity_no_retraining,abnormal_only_four_class,inception_time,code_ii,code_ii,True,5000,0.9856983282979519,,0.9724509358810922,0.9811160835367507,0.9952039501724206,0.9940223436015436,
posthoc_mapping_sensitivity_no_retraining,merged_bbb_four_class,inception_time,code_ii,code_ii,True,5000,0.9372230491056626,0.8039190534949947,0.9724509358810922,0.9811160835367507,,,0.9914061235098124
posthoc_mapping_sensitivity_no_retraining,consensus_five_class,resnet1d,ptbxl,ptbxl,True,2198,0.9742395499969021,0.9344621438571267,0.9736750125609714,0.969136982455302,0.9962513819789939,0.9976722291321172,
posthoc_mapping_sensitivity_no_retraining,exclusive_normal_five_class,resnet1d,ptbxl,ptbxl,True,2198,0.9742419457927879,0.9344741228365547,0.9736750125609714,0.969136982455302,0.9962513819789939,0.9976722291321172,
posthoc_mapping_sensitivity_no_retraining,abnormal_only_four_class,resnet1d,ptbxl,ptbxl,True,2198,0.9841839015318461,,0.9736750125609714,0.969136982455302,0.9962513819789939,0.9976722291321172,
posthoc_mapping_sensitivity_no_retraining,merged_bbb_four_class,resnet1d,ptbxl,ptbxl,True,2198,0.9678449169618375,0.9344621438571267,0.9736750125609714,0.969136982455302,,,0.9941055289739501
posthoc_mapping_sensitivity_no_retraining,consensus_five_class,resnet1d,ptbxl,cpsc2018,False,688,0.9295961242122918,0.9261106653049314,0.9799426519144991,0.9518285533910533,0.9065951305220883,0.8835036199288866,
posthoc_mapping_sensitivity_no_retraining,exclusive_normal_five_class,resnet1d,ptbxl,cpsc2018,False,688,0.9295961242122918,0.9261106653049314,0.9799426519144991,0.9518285533910533,0.9065951305220883,0.8835036199288866,
posthoc_mapping_sensitivity_no_retraining,abnormal_only_four_class,resnet1d,ptbxl,cpsc2018,False,688,0.9304674889391319,,0.9799426519144991,0.9518285533910533,0.9065951305220883,0.8835036199288866,
posthoc_mapping_sensitivity_no_retraining,merged_bbb_four_class,resnet1d,ptbxl,cpsc2018,False,688,0.9382052753832446,0.9261106653049314,0.9799426519144991,0.9518285533910533,,,0.8949392309224945
posthoc_mapping_sensitivity_no_retraining,consensus_five_class,resnet1d,ptbxl,georgia,False,1034,0.9352086797043944,0.859424580076501,0.9178350225225225,0.9461317157241922,0.994753365157184,0.9578987150415722,
posthoc_mapping_sensitivity_no_retraining,exclusive_normal_five_class,resnet1d,ptbxl,georgia,False,1034,0.9352086797043944,0.859424580076501,0.9178350225225225,0.9461317157241922,0.994753365157184,0.9578987150415722,
posthoc_mapping_sensitivity_no_retraining,abnormal_only_four_class,resnet1d,ptbxl,georgia,False,1034,0.9541547046113678,,0.9178350225225225,0.9461317157241922,0.994753365157184,0.9578987150415722,
posthoc_mapping_sensitivity_no_retraining,merged_bbb_four_class,resnet1d,ptbxl,georgia,False,1034,0.9223085632045469,0.859424580076501,0.9178350225225225,0.9461317157241922,,,0.965842934494972
posthoc_mapping_sensitivity_no_retraining,consensus_five_class,resnet1d,ptbxl,mimic_iv,False,5000,0.8778344293285338,0.7722093315401327,0.964994324631101,0.8722019434745063,0.8844534253880048,0.8953131216089248,
posthoc_mapping_sensitivity_no_retraining,exclusive_normal_five_class,resnet1d,ptbxl,mimic_iv,False,5000,0.8689639225090297,0.7278567974426118,0.964994324631101,0.8722019434745063,0.8844534253880048,0.8953131216089248,
posthoc_mapping_sensitivity_no_retraining,abnormal_only_four_class,resnet1d,ptbxl,mimic_iv,False,5000,0.9042407037756343,,0.964994324631101,0.8722019434745063,0.8844534253880048,0.8953131216089248,
posthoc_mapping_sensitivity_no_retraining,merged_bbb_four_class,resnet1d,ptbxl,mimic_iv,False,5000,0.8723225270285864,0.7722093315401327,0.964994324631101,0.8722019434745063,,,0.8798845084686054
posthoc_mapping_sensitivity_no_retraining,consensus_five_class,resnet1d,ptbxl,code_ii,False,5000,0.9367464568869242,0.7755764989888121,0.974390899123894,0.9693408791506839,0.9775695978147159,0.9868544093565146,
posthoc_mapping_sensitivity_no_retraining,exclusive_normal_five_class,resnet1d,ptbxl,code_ii,False,5000,0.9367464568869242,0.7755764989888121,0.974390899123894,0.9693408791506839,0.9775695978147159,0.9868544093565146,
posthoc_mapping_sensitivity_no_retraining,abnormal_only_four_class,resnet1d,ptbxl,code_ii,False,5000,0.977038946361452,,0.974390899123894,0.9693408791506839,0.9775695978147159,0.9868544093565146,
posthoc_mapping_sensitivity_no_retraining,merged_bbb_four_class,resnet1d,ptbxl,code_ii,False,5000,0.9239221818888597,0.7755764989888121,0.974390899123894,0.9693408791506839,,,0.9763804502920488
posthoc_mapping_sensitivity_no_retraining,consensus_five_class,resnet1d,cpsc2018,ptbxl,False,2198,0.9295824432666059,0.8098923320762965,0.9651772423284453,0.895472547953716,0.992472533167496,0.9848975608070758,
posthoc_mapping_sensitivity_no_retraining,exclusive_normal_five_class,resnet1d,cpsc2018,ptbxl,False,2198,0.9299798102408005,0.8118791669472691,0.9651772423284453,0.895472547953716,0.992472533167496,0.9848975608070758,
posthoc_mapping_sensitivity_no_retraining,abnormal_only_four_class,resnet1d,cpsc2018,ptbxl,False,2198,0.9595049710641832,,0.9651772423284453,0.895472547953716,0.992472533167496,0.9848975608070758,
posthoc_mapping_sensitivity_no_retraining,merged_bbb_four_class,resnet1d,cpsc2018,ptbxl,False,2198,0.9115356059041635,0.8098923320762965,0.9651772423284453,0.895472547953716,,,0.975600301258196
posthoc_mapping_sensitivity_no_retraining,consensus_five_class,resnet1d,cpsc2018,cpsc2018,True,688,0.9821757288365074,0.9581813539538955,0.9863725887736777,0.9964826839826839,0.9807981927710844,0.9890438247011952,
posthoc_mapping_sensitivity_no_retraining,exclusive_normal_five_class,resnet1d,cpsc2018,cpsc2018,True,688,0.9821757288365074,0.9581813539538955,0.9863725887736777,0.9964826839826839,0.9807981927710844,0.9890438247011952,
posthoc_mapping_sensitivity_no_retraining,abnormal_only_four_class,resnet1d,cpsc2018,cpsc2018,True,688,0.9881743225571604,,0.9863725887736777,0.9964826839826839,0.9807981927710844,0.9890438247011952,
posthoc_mapping_sensitivity_no_retraining,merged_bbb_four_class,resnet1d,cpsc2018,cpsc2018,True,688,0.9827250363348666,0.9581813539538955,0.9863725887736777,0.9964826839826839,,,0.989863518629209
posthoc_mapping_sensitivity_no_retraining,consensus_five_class,resnet1d,cpsc2018,georgia,False,1034,0.9259746056397571,0.8455579577581905,0.9050534909909911,0.9358045298484169,0.9908398916268869,0.9526171579743008,
posthoc_mapping_sensitivity_no_retraining,exclusive_normal_five_class,resnet1d,cpsc2018,georgia,False,1034,0.9259746056397571,0.8455579577581905,0.9050534909909911,0.9358045298484169,0.9908398916268869,0.9526171579743008,
posthoc_mapping_sensitivity_no_retraining,abnormal_only_four_class,resnet1d,cpsc2018,georgia,False,1034,0.9460787676101489,,0.9050534909909911,0.9358045298484169,0.9908398916268869,0.9526171579743008,
posthoc_mapping_sensitivity_no_retraining,merged_bbb_four_class,resnet1d,cpsc2018,georgia,False,1034,0.9077908746450569,0.8455579577581905,0.9050534909909911,0.9358045298484169,,,0.9447475199826296
posthoc_mapping_sensitivity_no_retraining,consensus_five_class,resnet1d,cpsc2018,mimic_iv,False,5000,0.92392502014409,0.8626469518311985,0.965037819895268,0.9228206897199069,0.9170065392495299,0.9521131000245471,
posthoc_mapping_sensitivity_no_retraining,exclusive_normal_five_class,resnet1d,cpsc2018,mimic_iv,False,5000,0.9241213879849195,0.8636287910353448,0.965037819895268,0.9228206897199069,0.9170065392495299,0.9521131000245471,
posthoc_mapping_sensitivity_no_retraining,abnormal_only_four_class,resnet1d,cpsc2018,mimic_iv,False,5000,0.9392445372223129,,0.965037819895268,0.9228206897199069,0.9170065392495299,0.9521131000245471,
posthoc_mapping_sensitivity_no_retraining,merged_bbb_four_class,resnet1d,cpsc2018,mimic_iv,False,5000,0.9131093332329738,0.8626469518311985,0.965037819895268,0.9228206897199069,,,0.901931871485522
posthoc_mapping_sensitivity_no_retraining,consensus_five_class,resnet1d,cpsc2018,code_ii,False,5000,0.9219375871935229,0.7088944058443829,0.9707449181289912,0.9590452942771902,0.9903291971792786,0.9806741205377715,
posthoc_mapping_sensitivity_no_retraining,exclusive_normal_five_class,resnet1d,cpsc2018,code_ii,False,5000,0.9219375871935229,0.7088944058443829,0.9707449181289912,0.9590452942771902,0.9903291971792786,0.9806741205377715,
posthoc_mapping_sensitivity_no_retraining,abnormal_only_four_class,resnet1d,cpsc2018,code_ii,False,5000,0.9751983825308078,,0.9707449181289912,0.9590452942771902,0.9903291971792786,0.9806741205377715,
posthoc_mapping_sensitivity_no_retraining,merged_bbb_four_class,resnet1d,cpsc2018,code_ii,False,5000,0.9042289105444583,0.7088944058443829,0.9707449181289912,0.9590452942771902,,,0.9782310239272685
posthoc_mapping_sensitivity_no_retraining,consensus_five_class,resnet1d,georgia,ptbxl,False,2198,0.9437145557129334,0.7944438138240402,0.9716512138111392,0.957703359000245,0.9965148217247097,0.9982595702045328,
posthoc_mapping_sensitivity_no_retraining,exclusive_normal_five_class,resnet1d,georgia,ptbxl,False,2198,0.9437134284791375,0.7944381776550609,0.9716512138111392,0.957703359000245,0.9965148217247097,0.9982595702045328,
posthoc_mapping_sensitivity_no_retraining,abnormal_only_four_class,resnet1d,georgia,ptbxl,False,2198,0.9810322411851568,,0.9716512138111392,0.957703359000245,0.9965148217247097,0.9982595702045328,
posthoc_mapping_sensitivity_no_retraining,merged_bbb_four_class,resnet1d,georgia,ptbxl,False,2198,0.92903572106077,0.7944438138240402,0.9716512138111392,0.957703359000245,,,0.9923444976076555
posthoc_mapping_sensitivity_no_retraining,consensus_five_class,resnet1d,georgia,cpsc2018,False,688,0.9466882045824251,0.9111376568427196,0.9780238081445867,0.9638235028860029,0.9565763052208835,0.9238797498179325,
posthoc_mapping_sensitivity_no_retraining,exclusive_normal_five_class,resnet1d,georgia,cpsc2018,False,688,0.9466882045824251,0.9111376568427196,0.9780238081445867,0.9638235028860029,0.9565763052208835,0.9238797498179325,
posthoc_mapping_sensitivity_no_retraining,abnormal_only_four_class,resnet1d,georgia,cpsc2018,False,688,0.9555758415173514,,0.9780238081445867,0.9638235028860029,0.9565763052208835,0.9238797498179325,
posthoc_mapping_sensitivity_no_retraining,merged_bbb_four_class,resnet1d,georgia,cpsc2018,False,688,0.9455397765369665,0.9111376568427196,0.9780238081445867,0.9638235028860029,,,0.9291741382745569
posthoc_mapping_sensitivity_no_retraining,consensus_five_class,resnet1d,georgia,georgia,True,1034,0.9562044789340464,0.937033094960918,0.9295537725225226,0.9672474860562634,0.9976132111985551,0.9495748299319727,
posthoc_mapping_sensitivity_no_retraining,exclusive_normal_five_class,resnet1d,georgia,georgia,True,1034,0.9562044789340464,0.937033094960918,0.9295537725225226,0.9672474860562634,0.9976132111985551,0.9495748299319727,
posthoc_mapping_sensitivity_no_retraining,abnormal_only_four_class,resnet1d,georgia,georgia,True,1034,0.9609973249273284,,0.9295537725225226,0.9672474860562634,0.9976132111985551,0.9495748299319727,
posthoc_mapping_sensitivity_no_retraining,merged_bbb_four_class,resnet1d,georgia,georgia,True,1034,0.9474952831426238,0.937033094960918,0.9295537725225226,0.9672474860562634,,,0.9561467790307915
posthoc_mapping_sensitivity_no_retraining,consensus_five_class,resnet1d,georgia,mimic_iv,False,5000,0.886803597364284,0.7669063477901706,0.9622541229885825,0.8940378721746639,0.9122651623586202,0.8985544815093828,
posthoc_mapping_sensitivity_no_retraining,exclusive_normal_five_class,resnet1d,georgia,mimic_iv,False,5000,0.8833459276307536,0.7496179991225189,0.9622541229885825,0.8940378721746639,0.9122651623586202,0.8985544815093828,
posthoc_mapping_sensitivity_no_retraining,abnormal_only_four_class,resnet1d,georgia,mimic_iv,False,5000,0.9167779097578124,,0.9622541229885825,0.8940378721746639,0.9122651623586202,0.8985544815093828,
posthoc_mapping_sensitivity_no_retraining,merged_bbb_four_class,resnet1d,georgia,mimic_iv,False,5000,0.8749279134241753,0.7669063477901706,0.9622541229885825,0.8940378721746639,,,0.8765133107432842
posthoc_mapping_sensitivity_no_retraining,consensus_five_class,resnet1d,georgia,code_ii,False,5000,0.9278059538598153,0.7363575156495775,0.9727086724386439,0.9687160970979116,0.9776967336975473,0.9835507504153964,
posthoc_mapping_sensitivity_no_retraining,exclusive_normal_five_class,resnet1d,georgia,code_ii,False,5000,0.9278059538598153,0.7363575156495775,0.9727086724386439,0.9687160970979116,0.9776967336975473,0.9835507504153964,
posthoc_mapping_sensitivity_no_retraining,abnormal_only_four_class,resnet1d,georgia,code_ii,False,5000,0.9756680634123749,,0.9727086724386439,0.9687160970979116,0.9776967336975473,0.9835507504153964,
posthoc_mapping_sensitivity_no_retraining,merged_bbb_four_class,resnet1d,georgia,code_ii,False,5000,0.91557103630701,0.7363575156495775,0.9727086724386439,0.9687160970979116,,,0.9845018600419067
posthoc_mapping_sensitivity_no_retraining,consensus_five_class,resnet1d,mimic_iv,ptbxl,False,2198,0.907652523051264,0.653819667789171,0.9758345634243236,0.9154664548001504,0.9977499654505252,0.9953919637921503,
posthoc_mapping_sensitivity_no_retraining,exclusive_normal_five_class,resnet1d,mimic_iv,ptbxl,False,2198,0.9077680258191083,0.6543971816283924,0.9758345634243236,0.9154664548001504,0.9977499654505252,0.9953919637921503,
posthoc_mapping_sensitivity_no_retraining,abnormal_only_four_class,resnet1d,mimic_iv,ptbxl,False,2198,0.9711107368667874,,0.9758345634243236,0.9154664548001504,0.9977499654505252,0.9953919637921503,
posthoc_mapping_sensitivity_no_retraining,merged_bbb_four_class,resnet1d,mimic_iv,ptbxl,False,2198,0.8845285544557415,0.653819667789171,0.9758345634243236,0.9154664548001504,,,0.9929935318093213
posthoc_mapping_sensitivity_no_retraining,consensus_five_class,resnet1d,mimic_iv,cpsc2018,False,688,0.9220929163729344,0.7052724686314561,0.9878062909111973,0.9887603715728717,0.9640750502008032,0.9645504005483443,
posthoc_mapping_sensitivity_no_retraining,exclusive_normal_five_class,resnet1d,mimic_iv,cpsc2018,False,688,0.9220929163729344,0.7052724686314561,0.9878062909111973,0.9887603715728717,0.9640750502008032,0.9645504005483443,
posthoc_mapping_sensitivity_no_retraining,abnormal_only_four_class,resnet1d,mimic_iv,cpsc2018,False,688,0.9762980283083041,,0.9878062909111973,0.9887603715728717,0.9640750502008032,0.9645504005483443,
posthoc_mapping_sensitivity_no_retraining,merged_bbb_four_class,resnet1d,mimic_iv,cpsc2018,False,688,0.9113556285648945,0.7052724686314561,0.9878062909111973,0.9887603715728717,,,0.9635833831440526
posthoc_mapping_sensitivity_no_retraining,consensus_five_class,resnet1d,mimic_iv,georgia,False,1034,0.9062642991913424,0.7107600199567603,0.9129786036036036,0.9531069766179484,0.9962370446824066,0.9582388510959938,
posthoc_mapping_sensitivity_no_retraining,exclusive_normal_five_class,resnet1d,mimic_iv,georgia,False,1034,0.9062642991913424,0.7107600199567603,0.9129786036036036,0.9531069766179484,0.9962370446824066,0.9582388510959938,
posthoc_mapping_sensitivity_no_retraining,abnormal_only_four_class,resnet1d,mimic_iv,georgia,False,1034,0.9551403689999881,,0.9129786036036036,0.9531069766179484,0.9962370446824066,0.9582388510959938,
posthoc_mapping_sensitivity_no_retraining,merged_bbb_four_class,resnet1d,mimic_iv,georgia,False,1034,0.8859299740515534,0.7107600199567603,0.9129786036036036,0.9531069766179484,,,0.966874296027901
posthoc_mapping_sensitivity_no_retraining,consensus_five_class,resnet1d,mimic_iv,mimic_iv,True,5000,0.9682622524212834,0.9757280080771813,0.9796283825675559,0.948334365848164,0.9567713507900424,0.9808491548234736,
posthoc_mapping_sensitivity_no_retraining,exclusive_normal_five_class,resnet1d,mimic_iv,mimic_iv,True,5000,0.935640450409049,0.8126189980160099,0.9796283825675559,0.948334365848164,0.9567713507900424,0.9808491548234736,
posthoc_mapping_sensitivity_no_retraining,abnormal_only_four_class,resnet1d,mimic_iv,mimic_iv,True,5000,0.9663958135073091,,0.9796283825675559,0.948334365848164,0.9567713507900424,0.9808491548234736,
posthoc_mapping_sensitivity_no_retraining,merged_bbb_four_class,resnet1d,mimic_iv,mimic_iv,True,5000,0.9652549017040338,0.9757280080771813,0.9796283825675559,0.948334365848164,,,0.957328850323234
posthoc_mapping_sensitivity_no_retraining,consensus_five_class,resnet1d,mimic_iv,code_ii,False,5000,0.9106196181475354,0.6336890567343857,0.9679722675464074,0.9645060831492891,0.9929203475531792,0.9940103357544154,
posthoc_mapping_sensitivity_no_retraining,exclusive_normal_five_class,resnet1d,mimic_iv,code_ii,False,5000,0.9106196181475354,0.6336890567343857,0.9679722675464074,0.9645060831492891,0.9929203475531792,0.9940103357544154,
posthoc_mapping_sensitivity_no_retraining,abnormal_only_four_class,resnet1d,mimic_iv,code_ii,False,5000,0.9798522585008229,,0.9679722675464074,0.9645060831492891,0.9929203475531792,0.9940103357544154,
posthoc_mapping_sensitivity_no_retraining,merged_bbb_four_class,resnet1d,mimic_iv,code_ii,False,5000,0.8893227257600296,0.6336890567343857,0.9679722675464074,0.9645060831492891,,,0.991123495610036
posthoc_mapping_sensitivity_no_retraining,consensus_five_class,resnet1d,code_ii,ptbxl,False,2198,0.9603022145251261,0.8886530368576606,0.9810118681675337,0.9375511496347095,0.9973353717523492,0.9969596462133776,
posthoc_mapping_sensitivity_no_retraining,exclusive_normal_five_class,resnet1d,code_ii,ptbxl,False,2198,0.9603370290675276,0.8888271095696679,0.9810118681675337,0.9375511496347095,0.9973353717523492,0.9969596462133776,
posthoc_mapping_sensitivity_no_retraining,abnormal_only_four_class,resnet1d,code_ii,ptbxl,False,2198,0.9782145089419925,,0.9810118681675337,0.9375511496347095,0.9973353717523492,0.9969596462133776,
posthoc_mapping_sensitivity_no_retraining,merged_bbb_four_class,resnet1d,code_ii,ptbxl,False,2198,0.9500966992931879,0.8886530368576606,0.9810118681675337,0.9375511496347095,,,0.9931707425128478
posthoc_mapping_sensitivity_no_retraining,consensus_five_class,resnet1d,code_ii,cpsc2018,False,688,0.9457692831653091,0.9346002334403267,0.9654318484620286,0.9759199134199135,0.9723895582329317,0.8805048622713447,
posthoc_mapping_sensitivity_no_retraining,exclusive_normal_five_class,resnet1d,code_ii,cpsc2018,False,688,0.9457692831653091,0.9346002334403267,0.9654318484620286,0.9759199134199135,0.9723895582329317,0.8805048622713447,
posthoc_mapping_sensitivity_no_retraining,abnormal_only_four_class,resnet1d,code_ii,cpsc2018,False,688,0.9485615455965546,,0.9654318484620286,0.9759199134199135,0.9723895582329317,0.8805048622713447,
posthoc_mapping_sensitivity_no_retraining,merged_bbb_four_class,resnet1d,code_ii,cpsc2018,False,688,0.9418635716538388,0.9346002334403267,0.9654318484620286,0.9759199134199135,,,0.8915022912930863
posthoc_mapping_sensitivity_no_retraining,consensus_five_class,resnet1d,code_ii,georgia,False,1034,0.9455065841850017,0.889778812572759,0.9192074887387387,0.972553569732253,0.9936782350664429,0.9523148148148148,
posthoc_mapping_sensitivity_no_retraining,exclusive_normal_five_class,resnet1d,code_ii,georgia,False,1034,0.9455065841850017,0.889778812572759,0.9192074887387387,0.972553569732253,0.9936782350664429,0.9523148148148148,
posthoc_mapping_sensitivity_no_retraining,abnormal_only_four_class,resnet1d,code_ii,georgia,False,1034,0.9594385270880623,,0.9192074887387387,0.972553569732253,0.9936782350664429,0.9523148148148148,
posthoc_mapping_sensitivity_no_retraining,merged_bbb_four_class,resnet1d,code_ii,georgia,False,1034,0.9350136776090833,0.889778812572759,0.9192074887387387,0.972553569732253,,,0.9585148393925822
posthoc_mapping_sensitivity_no_retraining,consensus_five_class,resnet1d,code_ii,mimic_iv,False,5000,0.892395201053114,0.8006424252701274,0.9636242238098417,0.9112122310768193,0.9131548370800707,0.8733422880287114,
posthoc_mapping_sensitivity_no_retraining,exclusive_normal_five_class,resnet1d,code_ii,mimic_iv,False,5000,0.8865138414209278,0.7712356271091966,0.9636242238098417,0.9112122310768193,0.9131548370800707,0.8733422880287114,
posthoc_mapping_sensitivity_no_retraining,abnormal_only_four_class,resnet1d,code_ii,mimic_iv,False,5000,0.9153333949988607,,0.9636242238098417,0.9112122310768193,0.9131548370800707,0.8733422880287114,
posthoc_mapping_sensitivity_no_retraining,merged_bbb_four_class,resnet1d,code_ii,mimic_iv,False,5000,0.8854932362119299,0.8006424252701274,0.9636242238098417,0.9112122310768193,,,0.8664940646909314
posthoc_mapping_sensitivity_no_retraining,consensus_five_class,resnet1d,code_ii,code_ii,True,5000,0.9483219876857717,0.8058747109228777,0.9717391864644691,0.9751927622147314,0.9952717559765973,0.9935315228501826,
posthoc_mapping_sensitivity_no_retraining,exclusive_normal_five_class,resnet1d,code_ii,code_ii,True,5000,0.9483219876857717,0.8058747109228777,0.9717391864644691,0.9751927622147314,0.9952717559765973,0.9935315228501826,
posthoc_mapping_sensitivity_no_retraining,abnormal_only_four_class,resnet1d,code_ii,code_ii,True,5000,0.9839338068764951,,0.9717391864644691,0.9751927622147314,0.9952717559765973,0.9935315228501826,
posthoc_mapping_sensitivity_no_retraining,merged_bbb_four_class,resnet1d,code_ii,code_ii,True,5000,0.9361221958054307,0.8058747109228777,0.9717391864644691,0.9751927622147314,,,0.9916821236196444
posthoc_mapping_sensitivity_no_retraining,consensus_five_class,transformer,ptbxl,ptbxl,True,2198,0.9473473195638702,0.9195778206599652,0.9498544175610183,0.8817330840317561,0.9910084991708126,0.9945627763957988,
posthoc_mapping_sensitivity_no_retraining,exclusive_normal_five_class,transformer,ptbxl,ptbxl,True,2198,0.9472369780057879,0.9190261128695535,0.9498544175610183,0.8817330840317561,0.9910084991708126,0.9945627763957988,
posthoc_mapping_sensitivity_no_retraining,abnormal_only_four_class,transformer,ptbxl,ptbxl,True,2198,0.9542896942898464,,0.9498544175610183,0.8817330840317561,0.9910084991708126,0.9945627763957988,
posthoc_mapping_sensitivity_no_retraining,merged_bbb_four_class,transformer,ptbxl,ptbxl,True,2198,0.9343168932071686,0.9195778206599652,0.9498544175610183,0.8817330840317561,,,0.9861022505759347
posthoc_mapping_sensitivity_no_retraining,consensus_five_class,transformer,ptbxl,cpsc2018,False,688,0.881442078774913,0.9127152028012838,0.9565617216011122,0.7668087121212122,0.867218875502008,0.9039058818489483,
posthoc_mapping_sensitivity_no_retraining,exclusive_normal_five_class,transformer,ptbxl,cpsc2018,False,688,0.881442078774913,0.9127152028012838,0.9565617216011122,0.7668087121212122,0.867218875502008,0.9039058818489483,
posthoc_mapping_sensitivity_no_retraining,abnormal_only_four_class,transformer,ptbxl,cpsc2018,False,688,0.8736237977683201,,0.9565617216011122,0.7668087121212122,0.867218875502008,0.9039058818489483,
posthoc_mapping_sensitivity_no_retraining,merged_bbb_four_class,transformer,ptbxl,cpsc2018,False,688,0.8788211700394497,0.9127152028012838,0.9565617216011122,0.7668087121212122,,,0.8791990436341901
posthoc_mapping_sensitivity_no_retraining,consensus_five_class,transformer,ptbxl,georgia,False,1034,0.897754770955563,0.8461965740894728,0.8671030405405405,0.8354774796781066,0.9873134649292565,0.9526832955404384,
posthoc_mapping_sensitivity_no_retraining,exclusive_normal_five_class,transformer,ptbxl,georgia,False,1034,0.897754770955563,0.8461965740894728,0.8671030405405405,0.8354774796781066,0.9873134649292565,0.9526832955404384,
posthoc_mapping_sensitivity_no_retraining,abnormal_only_four_class,transformer,ptbxl,georgia,False,1034,0.9106443201720854,,0.8671030405405405,0.8354774796781066,0.9873134649292565,0.9526832955404384,
posthoc_mapping_sensitivity_no_retraining,merged_bbb_four_class,transformer,ptbxl,georgia,False,1034,0.8736542608207163,0.8461965740894728,0.8671030405405405,0.8354774796781066,,,0.9458399489747451
posthoc_mapping_sensitivity_no_retraining,consensus_five_class,transformer,ptbxl,mimic_iv,False,5000,0.8244093790191653,0.7769632837247338,0.9409929510964431,0.7218290648231585,0.7930801829867251,0.8891814124647666,
posthoc_mapping_sensitivity_no_retraining,exclusive_normal_five_class,transformer,ptbxl,mimic_iv,False,5000,0.8140430018650587,0.7251313979541999,0.9409929510964431,0.7218290648231585,0.7930801829867251,0.8891814124647666,
posthoc_mapping_sensitivity_no_retraining,abnormal_only_four_class,transformer,ptbxl,mimic_iv,False,5000,0.8362709028427733,,0.9409929510964431,0.7218290648231585,0.7930801829867251,0.8891814124647666,
posthoc_mapping_sensitivity_no_retraining,merged_bbb_four_class,transformer,ptbxl,mimic_iv,False,5000,0.8187994233961657,0.7769632837247338,0.9409929510964431,0.7218290648231585,,,0.8354123939403278
posthoc_mapping_sensitivity_no_retraining,consensus_five_class,transformer,ptbxl,code_ii,False,5000,0.8862946772953627,0.7597424303154166,0.9021324726254037,0.8139408733387578,0.9703882366616297,0.9852693735356055,
posthoc_mapping_sensitivity_no_retraining,exclusive_normal_five_class,transformer,ptbxl,code_ii,False,5000,0.8862946772953627,0.7597424303154166,0.9021324726254037,0.8139408733387578,0.9703882366616297,0.9852693735356055,
posthoc_mapping_sensitivity_no_retraining,abnormal_only_four_class,transformer,ptbxl,code_ii,False,5000,0.9179327390403491,,0.9021324726254037,0.8139408733387578,0.9703882366616297,0.9852693735356055,
posthoc_mapping_sensitivity_no_retraining,merged_bbb_four_class,transformer,ptbxl,code_ii,False,5000,0.8634977343514715,0.7597424303154166,0.9021324726254037,0.8139408733387578,,,0.9781751611263076
posthoc_mapping_sensitivity_no_retraining,consensus_five_class,transformer,cpsc2018,ptbxl,False,2198,0.8795096151954016,0.832868355888523,0.9213854829498468,0.6818298576472065,0.9926020936981759,0.968862285793256,
posthoc_mapping_sensitivity_no_retraining,exclusive_normal_five_class,transformer,cpsc2018,ptbxl,False,2198,0.8796109726391531,0.8333751431072799,0.9213854829498468,0.6818298576472065,0.9926020936981759,0.968862285793256,
posthoc_mapping_sensitivity_no_retraining,abnormal_only_four_class,transformer,cpsc2018,ptbxl,False,2198,0.8911699300221213,,0.9213854829498468,0.6818298576472065,0.9926020936981759,0.968862285793256,
posthoc_mapping_sensitivity_no_retraining,merged_bbb_four_class,transformer,cpsc2018,ptbxl,False,2198,0.8508011163950073,0.832868355888523,0.9213854829498468,0.6818298576472065,,,0.9671207690944532
posthoc_mapping_sensitivity_no_retraining,consensus_five_class,transformer,cpsc2018,cpsc2018,True,688,0.9630679253770144,0.932119929967902,0.9790302960088049,0.9601709054834056,0.9594942269076305,0.9845242685173285,
posthoc_mapping_sensitivity_no_retraining,exclusive_normal_five_class,transformer,cpsc2018,cpsc2018,True,688,0.9630679253770144,0.932119929967902,0.9790302960088049,0.9601709054834056,0.9594942269076305,0.9845242685173285,
posthoc_mapping_sensitivity_no_retraining,abnormal_only_four_class,transformer,cpsc2018,cpsc2018,True,688,0.9708049242292924,,0.9790302960088049,0.9601709054834056,0.9594942269076305,0.9845242685173285,
posthoc_mapping_sensitivity_no_retraining,merged_bbb_four_class,transformer,cpsc2018,cpsc2018,True,688,0.9617670730622785,0.932119929967902,0.9790302960088049,0.9601709054834056,,,0.9757471607890018
posthoc_mapping_sensitivity_no_retraining,consensus_five_class,transformer,cpsc2018,georgia,False,1034,0.8598596570462188,0.7732579411275571,0.829173704954955,0.779967159277504,0.9836795252225519,0.933219954648526,
posthoc_mapping_sensitivity_no_retraining,exclusive_normal_five_class,transformer,cpsc2018,georgia,False,1034,0.8598596570462188,0.7732579411275571,0.829173704954955,0.779967159277504,0.9836795252225519,0.933219954648526,
posthoc_mapping_sensitivity_no_retraining,abnormal_only_four_class,transformer,cpsc2018,georgia,False,1034,0.8815100860258842,,0.829173704954955,0.779967159277504,0.9836795252225519,0.933219954648526,
posthoc_mapping_sensitivity_no_retraining,merged_bbb_four_class,transformer,cpsc2018,georgia,False,1034,0.825033538140612,0.7732579411275571,0.829173704954955,0.779967159277504,,,0.9177353472024318
posthoc_mapping_sensitivity_no_retraining,consensus_five_class,transformer,cpsc2018,mimic_iv,False,5000,0.8644041730474695,0.7803907445334736,0.9196753116683677,0.7991972783847714,0.890170357273161,0.9325871733775742,
posthoc_mapping_sensitivity_no_retraining,exclusive_normal_five_class,transformer,cpsc2018,mimic_iv,False,5000,0.8623694215099874,0.7702169868460627,0.9196753116683677,0.7991972783847714,0.890170357273161,0.9325871733775742,
posthoc_mapping_sensitivity_no_retraining,abnormal_only_four_class,transformer,cpsc2018,mimic_iv,False,5000,0.8854075301759685,,0.9196753116683677,0.7991972783847714,0.890170357273161,0.9325871733775742,
posthoc_mapping_sensitivity_no_retraining,merged_bbb_four_class,transformer,cpsc2018,mimic_iv,False,5000,0.8431241878181466,0.7803907445334736,0.9196753116683677,0.7991972783847714,,,0.8732334166859734
posthoc_mapping_sensitivity_no_retraining,consensus_five_class,transformer,cpsc2018,code_ii,False,5000,0.8365902826229406,0.6864882512385633,0.8290413587871314,0.739137752334457,0.9762546495408578,0.9520294012136932,
posthoc_mapping_sensitivity_no_retraining,exclusive_normal_five_class,transformer,cpsc2018,code_ii,False,5000,0.8365902826229406,0.6864882512385633,0.8290413587871314,0.739137752334457,0.9762546495408578,0.9520294012136932,
posthoc_mapping_sensitivity_no_retraining,abnormal_only_four_class,transformer,cpsc2018,code_ii,False,5000,0.8741157904690349,,0.8290413587871314,0.739137752334457,0.9762546495408578,0.9520294012136932,
posthoc_mapping_sensitivity_no_retraining,merged_bbb_four_class,transformer,cpsc2018,code_ii,False,5000,0.8024585376735263,0.6864882512385633,0.8290413587871314,0.739137752334457,,,0.9551667883339536
posthoc_mapping_sensitivity_no_retraining,consensus_five_class,transformer,georgia,ptbxl,False,2198,0.9049196982939582,0.849880812743577,0.8902623604639913,0.7963273815568604,0.9923516100055279,0.9957763266998342,
posthoc_mapping_sensitivity_no_retraining,exclusive_normal_five_class,transformer,georgia,ptbxl,False,2198,0.9049303193670356,0.8499339181089636,0.8902623604639913,0.7963273815568604,0.9923516100055279,0.9957763266998342,
posthoc_mapping_sensitivity_no_retraining,abnormal_only_four_class,transformer,georgia,ptbxl,False,2198,0.9186794196815534,,0.8902623604639913,0.7963273815568604,0.9923516100055279,0.9957763266998342,
posthoc_mapping_sensitivity_no_retraining,merged_bbb_four_class,transformer,georgia,ptbxl,False,2198,0.8807229461516778,0.849880812743577,0.8902623604639913,0.7963273815568604,,,0.9864212298422825
posthoc_mapping_sensitivity_no_retraining,consensus_five_class,transformer,georgia,cpsc2018,False,688,0.8863579265427809,0.8751185439159614,0.9254185251694376,0.8181029040404041,0.8919741465863454,0.9211755130017564,
posthoc_mapping_sensitivity_no_retraining,exclusive_normal_five_class,transformer,georgia,cpsc2018,False,688,0.8863579265427809,0.8751185439159614,0.9254185251694376,0.8181029040404041,0.8919741465863454,0.9211755130017564,
posthoc_mapping_sensitivity_no_retraining,abnormal_only_four_class,transformer,georgia,cpsc2018,False,688,0.889167772199486,,0.9254185251694376,0.8181029040404041,0.8919741465863454,0.9211755130017564,
posthoc_mapping_sensitivity_no_retraining,merged_bbb_four_class,transformer,georgia,cpsc2018,False,688,0.884352163036382,0.8751185439159614,0.9254185251694376,0.8181029040404041,,,0.918768679019725
posthoc_mapping_sensitivity_no_retraining,consensus_five_class,transformer,georgia,georgia,True,1034,0.9068521403632606,0.877305837352403,0.8753026463963964,0.8457300275482094,0.9962585472842215,0.9396636432350718,
posthoc_mapping_sensitivity_no_retraining,exclusive_normal_five_class,transformer,georgia,georgia,True,1034,0.9068521403632606,0.877305837352403,0.8753026463963964,0.8457300275482094,0.9962585472842215,0.9396636432350718,
posthoc_mapping_sensitivity_no_retraining,abnormal_only_four_class,transformer,georgia,georgia,True,1034,0.9142387161159747,,0.8753026463963964,0.8457300275482094,0.9962585472842215,0.9396636432350718,
posthoc_mapping_sensitivity_no_retraining,merged_bbb_four_class,transformer,georgia,georgia,True,1034,0.8867248387105446,0.877305837352403,0.8753026463963964,0.8457300275482094,,,0.9485608435451696
posthoc_mapping_sensitivity_no_retraining,consensus_five_class,transformer,georgia,mimic_iv,False,5000,0.8388830523715436,0.7896991307021821,0.9069002947376453,0.7549252717391304,0.8808975330470658,0.8619930316316943,
posthoc_mapping_sensitivity_no_retraining,exclusive_normal_five_class,transformer,georgia,mimic_iv,False,5000,0.8296047055040672,0.7433073963648005,0.9069002947376453,0.7549252717391304,0.8808975330470658,0.8619930316316943,
posthoc_mapping_sensitivity_no_retraining,abnormal_only_four_class,transformer,georgia,mimic_iv,False,5000,0.8511790327888838,,0.9069002947376453,0.7549252717391304,0.8808975330470658,0.8619930316316943,
posthoc_mapping_sensitivity_no_retraining,merged_bbb_four_class,transformer,georgia,mimic_iv,False,5000,0.820378793741812,0.7896991307021821,0.9069002947376453,0.7549252717391304,,,0.8299904777882904
posthoc_mapping_sensitivity_no_retraining,consensus_five_class,transformer,georgia,code_ii,False,5000,0.8520681433812392,0.7041625750940108,0.8482476887969849,0.787112780425433,0.9563233755666627,0.9644942970231047,
posthoc_mapping_sensitivity_no_retraining,exclusive_normal_five_class,transformer,georgia,code_ii,False,5000,0.8520681433812392,0.7041625750940108,0.8482476887969849,0.787112780425433,0.9563233755666627,0.9644942970231047,
posthoc_mapping_sensitivity_no_retraining,abnormal_only_four_class,transformer,georgia,code_ii,False,5000,0.8890445354530463,,0.8482476887969849,0.787112780425433,0.9563233755666627,0.9644942970231047,
posthoc_mapping_sensitivity_no_retraining,merged_bbb_four_class,transformer,georgia,code_ii,False,5000,0.822796406356002,0.7041625750940108,0.8482476887969849,0.787112780425433,,,0.9516625811075794
posthoc_mapping_sensitivity_no_retraining,consensus_five_class,transformer,mimic_iv,ptbxl,False,2198,0.8638921412586005,0.6953094454324165,0.9649072984705263,0.6698376951153218,0.9959965796019901,0.9934096876727474,
posthoc_mapping_sensitivity_no_retraining,exclusive_normal_five_class,transformer,mimic_iv,ptbxl,False,2198,0.8636576984647967,0.6941372314633982,0.9649072984705263,0.6698376951153218,0.9959965796019901,0.9934096876727474,
posthoc_mapping_sensitivity_no_retraining,abnormal_only_four_class,transformer,mimic_iv,ptbxl,False,2198,0.9060378152151464,,0.9649072984705263,0.6698376951153218,0.9959965796019901,0.9934096876727474,
posthoc_mapping_sensitivity_no_retraining,merged_bbb_four_class,transformer,mimic_iv,ptbxl,False,2198,0.8298094851754415,0.6953094454324165,0.9649072984705263,0.6698376951153218,,,0.9891835016835017
posthoc_mapping_sensitivity_no_retraining,consensus_five_class,transformer,mimic_iv,cpsc2018,False,688,0.9208264242082785,0.7356379486431281,0.9880886867867694,0.963395111832612,0.9326681726907631,0.9843422010881205,
posthoc_mapping_sensitivity_no_retraining,exclusive_normal_five_class,transformer,mimic_iv,cpsc2018,False,688,0.9208264242082785,0.7356379486431281,0.9880886867867694,0.963395111832612,0.9326681726907631,0.9843422010881205,
posthoc_mapping_sensitivity_no_retraining,abnormal_only_four_class,transformer,mimic_iv,cpsc2018,False,688,0.9671235430995663,,0.9880886867867694,0.963395111832612,0.9326681726907631,0.9843422010881205,
posthoc_mapping_sensitivity_no_retraining,merged_bbb_four_class,transformer,mimic_iv,cpsc2018,False,688,0.9167732142613337,0.7356379486431281,0.9880886867867694,0.963395111832612,,,0.9799711097828253
posthoc_mapping_sensitivity_no_retraining,consensus_five_class,transformer,mimic_iv,georgia,False,1034,0.8815152792529547,0.692286712123732,0.9000633445945946,0.8597280462484225,0.9932911882337763,0.9622071050642479,
posthoc_mapping_sensitivity_no_retraining,exclusive_normal_five_class,transformer,mimic_iv,georgia,False,1034,0.8815152792529547,0.692286712123732,0.9000633445945946,0.8597280462484225,0.9932911882337763,0.9622071050642479,
posthoc_mapping_sensitivity_no_retraining,abnormal_only_four_class,transformer,mimic_iv,georgia,False,1034,0.9288224210352602,,0.9000633445945946,0.8597280462484225,0.9932911882337763,0.9622071050642479,
posthoc_mapping_sensitivity_no_retraining,merged_bbb_four_class,transformer,mimic_iv,georgia,False,1034,0.8534030972381115,0.692286712123732,0.9000633445945946,0.8597280462484225,,,0.9615342859856967
posthoc_mapping_sensitivity_no_retraining,consensus_five_class,transformer,mimic_iv,mimic_iv,True,5000,0.9485447804962632,0.9603326962752194,0.9676023235627963,0.894154323421191,0.9454491875052623,0.9751853717168468,
posthoc_mapping_sensitivity_no_retraining,exclusive_normal_five_class,transformer,mimic_iv,mimic_iv,True,5000,0.9176588119350088,0.8059028534689474,0.9676023235627963,0.894154323421191,0.9454491875052623,0.9751853717168468,
posthoc_mapping_sensitivity_no_retraining,abnormal_only_four_class,transformer,mimic_iv,mimic_iv,True,5000,0.9455978015515242,,0.9676023235627963,0.894154323421191,0.9454491875052623,0.9751853717168468,
posthoc_mapping_sensitivity_no_retraining,merged_bbb_four_class,transformer,mimic_iv,mimic_iv,True,5000,0.9423149749130867,0.9603326962752194,0.9676023235627963,0.894154323421191,,,0.9471705563931399
posthoc_mapping_sensitivity_no_retraining,consensus_five_class,transformer,mimic_iv,code_ii,False,5000,0.8708026740572958,0.6177980066145892,0.924716142833635,0.8292201848192492,0.9921284726258282,0.9901505633931775,
posthoc_mapping_sensitivity_no_retraining,exclusive_normal_five_class,transformer,mimic_iv,code_ii,False,5000,0.8708026740572958,0.6177980066145892,0.924716142833635,0.8292201848192492,0.9921284726258282,0.9901505633931775,
posthoc_mapping_sensitivity_no_retraining,abnormal_only_four_class,transformer,mimic_iv,code_ii,False,5000,0.9340538409179724,,0.924716142833635,0.8292201848192492,0.9921284726258282,0.9901505633931775,
posthoc_mapping_sensitivity_no_retraining,merged_bbb_four_class,transformer,mimic_iv,code_ii,False,5000,0.8397937864340502,0.6177980066145892,0.924716142833635,0.8292201848192492,,,0.9874408114687278
posthoc_mapping_sensitivity_no_retraining,consensus_five_class,transformer,code_ii,ptbxl,False,2198,0.93425630512144,0.9028604941541487,0.9605944382203054,0.8161659727241773,0.9964673161967939,0.9951933043117744,
posthoc_mapping_sensitivity_no_retraining,exclusive_normal_five_class,transformer,code_ii,ptbxl,False,2198,0.934097954691176,0.9020687420028285,0.9605944382203054,0.8161659727241773,0.9964673161967939,0.9951933043117744,
posthoc_mapping_sensitivity_no_retraining,abnormal_only_four_class,transformer,code_ii,ptbxl,False,2198,0.9421052578632627,,0.9605944382203054,0.8161659727241773,0.9964673161967939,0.9951933043117744,
posthoc_mapping_sensitivity_no_retraining,merged_bbb_four_class,transformer,code_ii,ptbxl,False,2198,0.9178556737316843,0.9028604941541487,0.9605944382203054,0.8161659727241773,,,0.9918017898281056
posthoc_mapping_sensitivity_no_retraining,consensus_five_class,transformer,code_ii,cpsc2018,False,688,0.9233816643624259,0.9022924569594397,0.9519347737936628,0.8961151695526696,0.9449673694779117,0.9215985520284453,
posthoc_mapping_sensitivity_no_retraining,exclusive_normal_five_class,transformer,code_ii,cpsc2018,False,688,0.9233816643624259,0.9022924569594397,0.9519347737936628,0.8961151695526696,0.9449673694779117,0.9215985520284453,
posthoc_mapping_sensitivity_no_retraining,abnormal_only_four_class,transformer,code_ii,cpsc2018,False,688,0.9286539662131723,,0.9519347737936628,0.8961151695526696,0.9449673694779117,0.9215985520284453,
posthoc_mapping_sensitivity_no_retraining,merged_bbb_four_class,transformer,code_ii,cpsc2018,False,688,0.9174583336887163,0.9022924569594397,0.9519347737936628,0.8961151695526696,,,0.9194909344490934
posthoc_mapping_sensitivity_no_retraining,consensus_five_class,transformer,code_ii,georgia,False,1034,0.9053046534652269,0.8463529020455679,0.8922438063063064,0.863744928008251,0.9963660602932956,0.9278155706727136,
posthoc_mapping_sensitivity_no_retraining,exclusive_normal_five_class,transformer,code_ii,georgia,False,1034,0.9053046534652269,0.8463529020455679,0.8922438063063064,0.863744928008251,0.9963660602932956,0.9278155706727136,
posthoc_mapping_sensitivity_no_retraining,abnormal_only_four_class,transformer,code_ii,georgia,False,1034,0.9200425913201415,,0.8922438063063064,0.863744928008251,0.9963660602932956,0.9278155706727136,
posthoc_mapping_sensitivity_no_retraining,merged_bbb_four_class,transformer,code_ii,georgia,False,1034,0.8866247093926545,0.8463529020455679,0.8922438063063064,0.863744928008251,,,0.9441572012104926
posthoc_mapping_sensitivity_no_retraining,consensus_five_class,transformer,code_ii,mimic_iv,False,5000,0.8712463356423701,0.8107675526104474,0.9466572554106772,0.8032449125178343,0.8928096320619685,0.9027523256109224,
posthoc_mapping_sensitivity_no_retraining,exclusive_normal_five_class,transformer,code_ii,mimic_iv,False,5000,0.8639971472661907,0.774521610729551,0.9466572554106772,0.8032449125178343,0.8928096320619685,0.9027523256109224,
posthoc_mapping_sensitivity_no_retraining,abnormal_only_four_class,transformer,code_ii,mimic_iv,False,5000,0.8863660314003508,,0.9466572554106772,0.8032449125178343,0.8928096320619685,0.9027523256109224,
posthoc_mapping_sensitivity_no_retraining,merged_bbb_four_class,transformer,code_ii,mimic_iv,False,5000,0.8565253572523477,0.8107675526104474,0.9466572554106772,0.8032449125178343,,,0.8654317084704315
posthoc_mapping_sensitivity_no_retraining,consensus_five_class,transformer,code_ii,code_ii,True,5000,0.9203393494539934,0.7824478010157091,0.9575567367379672,0.8748982912937349,0.993569345964586,0.9932245722579706,
posthoc_mapping_sensitivity_no_retraining,exclusive_normal_five_class,transformer,code_ii,code_ii,True,5000,0.9203393494539934,0.7824478010157091,0.9575567367379672,0.8748982912937349,0.993569345964586,0.9932245722579706,
posthoc_mapping_sensitivity_no_retraining,abnormal_only_four_class,transformer,code_ii,code_ii,True,5000,0.9548122365635646,,0.9575567367379672,0.8748982912937349,0.993569345964586,0.9932245722579706,
posthoc_mapping_sensitivity_no_retraining,merged_bbb_four_class,transformer,code_ii,code_ii,True,5000,0.9012836033740859,0.7824478010157091,0.9575567367379672,0.8748982912937349,,,0.9902315844489324
